{
    "2024-04": {
        "total_ads": 1,
        "topics": [
            {
                "topic": "urban-planning",
                "weighted_count": 50.40789774141986,
                "normalized_intensity": 50.40789774141986
            }
        ]
    }
}