{
    "2024-04": {
        "total_ads": 2,
        "topics": [
            {
                "topic": "community",
                "weighted_count": 138.11529468083148,
                "normalized_intensity": 69.05764734041574
            },
            {
                "topic": "joy",
                "weighted_count": 106.34949096684927,
                "normalized_intensity": 53.17474548342464
            }
        ]
    }
}