{
    "2024-04": {
        "total_ads": 1,
        "topics": [
            {
                "topic": "quebec",
                "weighted_count": 61.853508907635046,
                "normalized_intensity": 61.853508907635046
            },
            {
                "topic": "rural",
                "weighted_count": 56.832328530288514,
                "normalized_intensity": 56.832328530288514
            },
            {
                "topic": "agriculture",
                "weighted_count": 55.60410250272507,
                "normalized_intensity": 55.60410250272507
            }
        ]
    }
}