{
    "2024-04": {
        "total_ads": 1,
        "topics": [
            {
                "topic": "taxation",
                "weighted_count": 61.98351691800633,
                "normalized_intensity": 61.98351691800633
            },
            {
                "topic": "law",
                "weighted_count": 50.265014058762794,
                "normalized_intensity": 50.265014058762794
            },
            {
                "topic": "housing",
                "weighted_count": 50.15987153027254,
                "normalized_intensity": 50.15987153027254
            }
        ]
    }
}