{
    "2024-04": {
        "total_ads": 1,
        "topics": [
            {
                "topic": "quebec",
                "weighted_count": 73.73154738105994,
                "normalized_intensity": 73.73154738105994
            },
            {
                "topic": "community",
                "weighted_count": 59.48535341446799,
                "normalized_intensity": 59.48535341446799
            },
            {
                "topic": "workplace-culture",
                "weighted_count": 53.683179076062025,
                "normalized_intensity": 53.683179076062025
            }
        ]
    }
}