{
    "2024-04": {
        "total_ads": 2,
        "topics": [
            {
                "topic": "sustainability",
                "weighted_count": 49.04864341511094,
                "normalized_intensity": 24.52432170755547
            }
        ]
    }
}