{
    "2024-04": {
        "total_ads": 4,
        "topics": [
            {
                "topic": "voting",
                "weighted_count": 56.719731831677336,
                "normalized_intensity": 14.179932957919334
            },
            {
                "topic": "politics",
                "weighted_count": 49.63944780203158,
                "normalized_intensity": 12.409861950507896
            }
        ]
    }
}