{
    "2024-04": {
        "total_ads": 1,
        "topics": [
            {
                "topic": "immigration",
                "weighted_count": 55.49581401367561,
                "normalized_intensity": 55.49581401367561
            },
            {
                "topic": "demographics",
                "weighted_count": 55.05690780031733,
                "normalized_intensity": 55.05690780031733
            },
            {
                "topic": "youth",
                "weighted_count": 50.88618608453975,
                "normalized_intensity": 50.88618608453975
            }
        ]
    }
}