{
    "2024-04": {
        "total_ads": 1,
        "topics": [
            {
                "topic": "immigration",
                "weighted_count": 81.47883801474069,
                "normalized_intensity": 81.47883801474069
            },
            {
                "topic": "travel",
                "weighted_count": 61.179523417974316,
                "normalized_intensity": 61.179523417974316
            },
            {
                "topic": "foreign-policy",
                "weighted_count": 56.714451921242194,
                "normalized_intensity": 56.714451921242194
            },
            {
                "topic": "trade-policy",
                "weighted_count": 56.55701911151701,
                "normalized_intensity": 56.55701911151701
            }
        ]
    }
}