{
    "2024-04": {
        "total_ads": 1,
        "topics": [
            {
                "topic": "gig-economy",
                "weighted_count": 60.62662281823742,
                "normalized_intensity": 60.62662281823742
            },
            {
                "topic": "infrastructure",
                "weighted_count": 53.968271786509995,
                "normalized_intensity": 53.968271786509995
            },
            {
                "topic": "workplace-culture",
                "weighted_count": 52.24583390678043,
                "normalized_intensity": 52.24583390678043
            }
        ]
    }
}