{
    "2024-04": {
        "total_ads": 1,
        "topics": [
            {
                "topic": "quebec",
                "weighted_count": 70.68544050365794,
                "normalized_intensity": 70.68544050365794
            },
            {
                "topic": "disability",
                "weighted_count": 49.50619568498398,
                "normalized_intensity": 49.50619568498398
            },
            {
                "topic": "digital-rights",
                "weighted_count": 49.45889104571795,
                "normalized_intensity": 49.45889104571795
            }
        ]
    }
}