{
    "2024-04": {
        "total_ads": 1,
        "topics": [
            {
                "topic": "infrastructure",
                "weighted_count": 56.78170585761878,
                "normalized_intensity": 56.78170585761878
            },
            {
                "topic": "urban-planning",
                "weighted_count": 54.42670806171328,
                "normalized_intensity": 54.42670806171328
            },
            {
                "topic": "travel",
                "weighted_count": 51.703392147724735,
                "normalized_intensity": 51.703392147724735
            }
        ]
    }
}