{
    "2024-04": {
        "total_ads": 1,
        "topics": [
            {
                "topic": "voting",
                "weighted_count": 53.30400037417134,
                "normalized_intensity": 53.30400037417134
            }
        ]
    }
}