{
    "2024-04": {
        "total_ads": 2,
        "topics": [
            {
                "topic": "anti-woke",
                "weighted_count": 105.69606611995768,
                "normalized_intensity": 52.84803305997884
            },
            {
                "topic": "education",
                "weighted_count": 100.4452734846318,
                "normalized_intensity": 50.2226367423159
            },
            {
                "topic": "social justice",
                "weighted_count": 98.66403921579301,
                "normalized_intensity": 49.332019607896505
            }
        ]
    }
}