{
    "2023-08": {
        "total_ads": 2,
        "topics": [
            {
                "topic": "ontario",
                "weighted_count": 139.64813763733375,
                "normalized_intensity": 69.82406881866687
            },
            {
                "topic": "politics",
                "weighted_count": 104.18914830824666,
                "normalized_intensity": 52.09457415412333
            }
        ]
    },
    "2024-02": {
        "total_ads": 1,
        "topics": [
            {
                "topic": "community",
                "weighted_count": 49.10313675670036,
                "normalized_intensity": 49.10313675670036
            }
        ]
    },
    "2024-03": {
        "total_ads": 2,
        "topics": [
            {
                "topic": "politics",
                "weighted_count": 101.49709917916519,
                "normalized_intensity": 50.748549589582595
            }
        ]
    },
    "2024-04": {
        "total_ads": 1,
        "topics": [
            {
                "topic": "taxation",
                "weighted_count": 55.14834807160186,
                "normalized_intensity": 55.14834807160186
            },
            {
                "topic": "politics",
                "weighted_count": 53.88787302270237,
                "normalized_intensity": 53.88787302270237
            }
        ]
    }
}