{
    "2024-03": {
        "total_ads": 4,
        "topics": [
            {
                "topic": "science",
                "weighted_count": 102.06068620166008,
                "normalized_intensity": 25.51517155041502
            },
            {
                "topic": "art",
                "weighted_count": 49.10041332561656,
                "normalized_intensity": 12.27510333140414
            }
        ]
    },
    "2024-04": {
        "total_ads": 1,
        "topics": [
            {
                "topic": "science",
                "weighted_count": 51.16097337856627,
                "normalized_intensity": 51.16097337856627
            },
            {
                "topic": "art",
                "weighted_count": 50.771146280127276,
                "normalized_intensity": 50.771146280127276
            },
            {
                "topic": "entertainment",
                "weighted_count": 49.14847786392591,
                "normalized_intensity": 49.14847786392591
            }
        ]
    }
}