{
    "2024-03": {
        "total_ads": 1,
        "topics": [
            {
                "topic": "british columbia",
                "weighted_count": 69.11795396853189,
                "normalized_intensity": 69.11795396853189
            },
            {
                "topic": "politics",
                "weighted_count": 49.2911812357564,
                "normalized_intensity": 49.2911812357564
            }
        ]
    },
    "2024-04": {
        "total_ads": 1,
        "topics": [
            {
                "topic": "british columbia",
                "weighted_count": 69.11795396853189,
                "normalized_intensity": 69.11795396853189
            },
            {
                "topic": "politics",
                "weighted_count": 49.2911812357564,
                "normalized_intensity": 49.2911812357564
            }
        ]
    }
}