{
    "2024-03": {
        "total_ads": 1,
        "topics": [
            {
                "topic": "cost-of-living",
                "weighted_count": 55.38589106906514,
                "normalized_intensity": 55.38589106906514
            },
            {
                "topic": "digital-rights",
                "weighted_count": 51.697715214901166,
                "normalized_intensity": 51.697715214901166
            }
        ]
    }
}