{
    "2024-03": {
        "total_ads": 1,
        "topics": [
            {
                "topic": "saskatchewan",
                "weighted_count": 64.37288123466867,
                "normalized_intensity": 64.37288123466867
            },
            {
                "topic": "politics",
                "weighted_count": 61.74555129041149,
                "normalized_intensity": 61.74555129041149
            },
            {
                "topic": "voting",
                "weighted_count": 60.18870723002628,
                "normalized_intensity": 60.18870723002628
            }
        ]
    }
}