{
    "2024-03": {
        "total_ads": 1,
        "topics": [
            {
                "topic": "british columbia",
                "weighted_count": 66.20023288188585,
                "normalized_intensity": 66.20023288188585
            },
            {
                "topic": "housing",
                "weighted_count": 61.882835190966034,
                "normalized_intensity": 61.882835190966034
            },
            {
                "topic": "rural",
                "weighted_count": 58.88448270169114,
                "normalized_intensity": 58.88448270169114
            },
            {
                "topic": "community",
                "weighted_count": 52.40194183099197,
                "normalized_intensity": 52.40194183099197
            }
        ]
    }
}