{
    "2024-03": {
        "total_ads": 1,
        "topics": [
            {
                "topic": "taxation",
                "weighted_count": 62.847918619266196,
                "normalized_intensity": 62.847918619266196
            },
            {
                "topic": "politics",
                "weighted_count": 49.02889728472414,
                "normalized_intensity": 49.02889728472414
            }
        ]
    }
}