{
    "2024-03": {
        "total_ads": 1,
        "topics": [
            {
                "topic": "elder-care",
                "weighted_count": 65.89237152780211,
                "normalized_intensity": 65.89237152780211
            },
            {
                "topic": "social-services",
                "weighted_count": 50.86687812393278,
                "normalized_intensity": 50.86687812393278
            },
            {
                "topic": "community",
                "weighted_count": 49.84535316897735,
                "normalized_intensity": 49.84535316897735
            }
        ]
    }
}