{
    "2024-03": {
        "total_ads": 4,
        "topics": [
            {
                "topic": "saskatchewan",
                "weighted_count": 268.92858699013357,
                "normalized_intensity": 67.23214674753339
            },
            {
                "topic": "voting",
                "weighted_count": 237.24009986898284,
                "normalized_intensity": 59.31002496724571
            },
            {
                "topic": "politics",
                "weighted_count": 229.82926165202252,
                "normalized_intensity": 57.45731541300563
            },
            {
                "topic": "community",
                "weighted_count": 100.68194845923935,
                "normalized_intensity": 25.170487114809838
            }
        ]
    }
}