{
    "2024-03": {
        "total_ads": 1,
        "topics": [
            {
                "topic": "taxation",
                "weighted_count": 61.158036524302204,
                "normalized_intensity": 61.158036524302204
            }
        ]
    }
}