{
    "2024-02": {
        "total_ads": 1,
        "topics": [
            {
                "topic": "transportation",
                "weighted_count": 68.70640535409171,
                "normalized_intensity": 68.70640535409171
            },
            {
                "topic": "infrastructure",
                "weighted_count": 66.99341120152819,
                "normalized_intensity": 66.99341120152819
            }
        ]
    },
    "2024-03": {
        "total_ads": 1,
        "topics": [
            {
                "topic": "transportation",
                "weighted_count": 68.70640535409171,
                "normalized_intensity": 68.70640535409171
            },
            {
                "topic": "infrastructure",
                "weighted_count": 66.99341120152819,
                "normalized_intensity": 66.99341120152819
            }
        ]
    }
}