{
    "2024-03": {
        "total_ads": 2,
        "topics": [
            {
                "topic": "community",
                "weighted_count": 126.2445946028882,
                "normalized_intensity": 63.1222973014441
            }
        ]
    }
}