{
    "2024-07": {
        "total_ads": 1,
        "topics": [
            {
                "topic": "northwest territories",
                "weighted_count": 70.82006045255955,
                "normalized_intensity": 70.82006045255955
            },
            {
                "topic": "voting",
                "weighted_count": 53.48138869254677,
                "normalized_intensity": 53.48138869254677
            }
        ]
    }
}