{
    "2024-03": {
        "total_ads": 1,
        "topics": [
            {
                "topic": "public-policy",
                "weighted_count": 60.384084447406416,
                "normalized_intensity": 60.384084447406416
            },
            {
                "topic": "politics",
                "weighted_count": 53.505253746193304,
                "normalized_intensity": 53.505253746193304
            }
        ]
    }
}