{
    "2024-07": {
        "total_ads": 4,
        "topics": [
            {
                "topic": "crime",
                "weighted_count": 202.01987164354716,
                "normalized_intensity": 50.50496791088679
            }
        ]
    }
}