{
    "2024-07": {
        "total_ads": 1,
        "topics": [
            {
                "topic": "voting",
                "weighted_count": 55.36608239751427,
                "normalized_intensity": 55.36608239751427
            },
            {
                "topic": "politics",
                "weighted_count": 54.87996719349786,
                "normalized_intensity": 54.87996719349786
            }
        ]
    }
}