{
    "2024-07": {
        "total_ads": 1,
        "topics": [
            {
                "topic": "british columbia",
                "weighted_count": 65.98680754738314,
                "normalized_intensity": 65.98680754738314
            },
            {
                "topic": "politics",
                "weighted_count": 56.29743665588802,
                "normalized_intensity": 56.29743665588802
            },
            {
                "topic": "outrage",
                "weighted_count": 54.775328252316946,
                "normalized_intensity": 54.775328252316946
            }
        ]
    }
}