{
    "2024-02": {
        "total_ads": 1,
        "topics": [
            {
                "topic": "prince edward island",
                "weighted_count": 61.44743824666962,
                "normalized_intensity": 61.44743824666962
            },
            {
                "topic": "politics",
                "weighted_count": 50.15073848243037,
                "normalized_intensity": 50.15073848243037
            }
        ]
    },
    "2024-03": {
        "total_ads": 1,
        "topics": [
            {
                "topic": "community",
                "weighted_count": 56.88484647628867,
                "normalized_intensity": 56.88484647628867
            },
            {
                "topic": "politics",
                "weighted_count": 51.23757151212429,
                "normalized_intensity": 51.23757151212429
            }
        ]
    }
}