{
    "2024-08": {
        "total_ads": 3,
        "topics": [
            {
                "topic": "politics",
                "weighted_count": 100.76762509159603,
                "normalized_intensity": 33.589208363865346
            },
            {
                "topic": "campaign-finance",
                "weighted_count": 98.22331178565393,
                "normalized_intensity": 32.74110392855131
            }
        ]
    }
}