{
    "2024-03": {
        "total_ads": 1,
        "topics": [
            {
                "topic": "infrastructure",
                "weighted_count": 52.5631434447829,
                "normalized_intensity": 52.5631434447829
            },
            {
                "topic": "urban-planning",
                "weighted_count": 50.2306459020581,
                "normalized_intensity": 50.2306459020581
            }
        ]
    }
}