{
    "2024-07": {
        "total_ads": 1,
        "topics": [
            {
                "topic": "saskatchewan",
                "weighted_count": 74.98117679306037,
                "normalized_intensity": 74.98117679306037
            },
            {
                "topic": "politics",
                "weighted_count": 62.32040456870879,
                "normalized_intensity": 62.32040456870879
            },
            {
                "topic": "transparency",
                "weighted_count": 55.721362325006986,
                "normalized_intensity": 55.721362325006986
            },
            {
                "topic": "public-policy",
                "weighted_count": 52.72872870757459,
                "normalized_intensity": 52.72872870757459
            }
        ]
    },
    "2024-08": {
        "total_ads": 1,
        "topics": [
            {
                "topic": "politics",
                "weighted_count": 51.02711914541751,
                "normalized_intensity": 51.02711914541751
            }
        ]
    }
}