{
    "2024-08": {
        "total_ads": 2,
        "topics": [
            {
                "topic": "british columbia",
                "weighted_count": 133.189037120556,
                "normalized_intensity": 66.594518560278
            }
        ]
    }
}