{
    "2024-03": {
        "total_ads": 1,
        "topics": [
            {
                "topic": "womens-rights",
                "weighted_count": 58.968940349132495,
                "normalized_intensity": 58.968940349132495
            },
            {
                "topic": "theater",
                "weighted_count": 57.360264889508485,
                "normalized_intensity": 57.360264889508485
            }
        ]
    }
}