{
    "2024-08": {
        "total_ads": 1,
        "topics": [
            {
                "topic": "ontario",
                "weighted_count": 69.7301001268116,
                "normalized_intensity": 69.7301001268116
            },
            {
                "topic": "politics",
                "weighted_count": 55.80880128536951,
                "normalized_intensity": 55.80880128536951
            },
            {
                "topic": "voting",
                "weighted_count": 49.2959872525589,
                "normalized_intensity": 49.2959872525589
            }
        ]
    }
}