{
    "2024-08": {
        "total_ads": 1,
        "topics": [
            {
                "topic": "ontario",
                "weighted_count": 85.82198462180813,
                "normalized_intensity": 85.82198462180813
            },
            {
                "topic": "health",
                "weighted_count": 54.93947523044862,
                "normalized_intensity": 54.93947523044862
            }
        ]
    }
}