{
    "2024-08": {
        "total_ads": 3,
        "topics": [
            {
                "topic": "british columbia",
                "weighted_count": 66.87138968300268,
                "normalized_intensity": 22.29046322766756
            },
            {
                "topic": "joy",
                "weighted_count": 61.969593400896215,
                "normalized_intensity": 20.656531133632072
            },
            {
                "topic": "community",
                "weighted_count": 57.867864661008106,
                "normalized_intensity": 19.289288220336037
            }
        ]
    }
}