{
    "2024-08": {
        "total_ads": 3,
        "topics": [
            {
                "topic": "health",
                "weighted_count": 192.6539248219272,
                "normalized_intensity": 64.2179749406424
            },
            {
                "topic": "healthcare-policy",
                "weighted_count": 182.80342627009952,
                "normalized_intensity": 60.93447542336651
            },
            {
                "topic": "medicine",
                "weighted_count": 154.04139210857804,
                "normalized_intensity": 51.347130702859346
            }
        ]
    }
}