{
    "2024-08": {
        "total_ads": 1,
        "topics": [
            {
                "topic": "quebec",
                "weighted_count": 62.223221985126266,
                "normalized_intensity": 62.223221985126266
            },
            {
                "topic": "social-enterprise",
                "weighted_count": 53.27414080533225,
                "normalized_intensity": 53.27414080533225
            },
            {
                "topic": "entertainment",
                "weighted_count": 51.414109888437785,
                "normalized_intensity": 51.414109888437785
            }
        ]
    }
}