{
    "2023-11": {
        "total_ads": 1,
        "topics": [
            {
                "topic": "finance",
                "weighted_count": 50.43490537155802,
                "normalized_intensity": 50.43490537155802
            }
        ]
    },
    "2024-02": {
        "total_ads": 1,
        "topics": [
            {
                "topic": "entertainment",
                "weighted_count": 62.968048629506924,
                "normalized_intensity": 62.968048629506924
            },
            {
                "topic": "media",
                "weighted_count": 53.12285173113609,
                "normalized_intensity": 53.12285173113609
            },
            {
                "topic": "television",
                "weighted_count": 51.5747973612212,
                "normalized_intensity": 51.5747973612212
            }
        ]
    }
}