{
    "2023-10": {
        "total_ads": 1,
        "topics": [
            {
                "topic": "nunavut",
                "weighted_count": 66.40797421002782,
                "normalized_intensity": 66.40797421002782
            }
        ]
    },
    "2024-02": {
        "total_ads": 2,
        "topics": [
            {
                "topic": "ontario",
                "weighted_count": 128.1179794617627,
                "normalized_intensity": 64.05898973088135
            },
            {
                "topic": "healthcare-policy",
                "weighted_count": 119.6298982059869,
                "normalized_intensity": 59.81494910299345
            }
        ]
    }
}