{
    "2024-02": {
        "total_ads": 1,
        "topics": [
            {
                "topic": "human-trafficking",
                "weighted_count": 67.22604930983167,
                "normalized_intensity": 67.22604930983167
            },
            {
                "topic": "theater",
                "weighted_count": 62.75838829001044,
                "normalized_intensity": 62.75838829001044
            },
            {
                "topic": "violence",
                "weighted_count": 52.86375773762424,
                "normalized_intensity": 52.86375773762424
            }
        ]
    }
}