{
    "2024-02": {
        "total_ads": 1,
        "topics": [
            {
                "topic": "public-safety",
                "weighted_count": 53.259414567210584,
                "normalized_intensity": 53.259414567210584
            },
            {
                "topic": "infrastructure",
                "weighted_count": 52.1535838839854,
                "normalized_intensity": 52.1535838839854
            },
            {
                "topic": "finance",
                "weighted_count": 51.752369742798244,
                "normalized_intensity": 51.752369742798244
            }
        ]
    },
    "2024-08": {
        "total_ads": 1,
        "topics": [
            {
                "topic": "public-safety",
                "weighted_count": 62.282055130870305,
                "normalized_intensity": 62.282055130870305
            },
            {
                "topic": "housing",
                "weighted_count": 49.88283047623345,
                "normalized_intensity": 49.88283047623345
            }
        ]
    }
}