{
    "2024-01": {
        "total_ads": 1,
        "topics": [
            {
                "topic": "gig-economy",
                "weighted_count": 49.18494132083111,
                "normalized_intensity": 49.18494132083111
            }
        ]
    },
    "2024-02": {
        "total_ads": 2,
        "topics": [
            {
                "topic": "gig-economy",
                "weighted_count": 98.17649686992476,
                "normalized_intensity": 49.08824843496238
            }
        ]
    }
}