{
    "2024-02": {
        "total_ads": 1,
        "topics": [
            {
                "topic": "saskatchewan",
                "weighted_count": 73.82216337247594,
                "normalized_intensity": 73.82216337247594
            }
        ]
    }
}