{
    "2024-02": {
        "total_ads": 2,
        "topics": [
            {
                "topic": "politics",
                "weighted_count": 104.91052160993875,
                "normalized_intensity": 52.45526080496938
            },
            {
                "topic": "saskatchewan",
                "weighted_count": 63.99345558189381,
                "normalized_intensity": 31.996727790946906
            },
            {
                "topic": "voting",
                "weighted_count": 54.14989976164875,
                "normalized_intensity": 27.074949880824374
            }
        ]
    }
}