{
    "2024-01": {
        "total_ads": 5,
        "topics": [
            {
                "topic": "foreign-policy",
                "weighted_count": 49.25899268467699,
                "normalized_intensity": 9.851798536935398
            }
        ]
    },
    "2024-02": {
        "total_ads": 1,
        "topics": [
            {
                "topic": "foreign-policy",
                "weighted_count": 49.25899268467699,
                "normalized_intensity": 49.25899268467699
            }
        ]
    }
}