{
    "2024-02": {
        "total_ads": 1,
        "topics": [
            {
                "topic": "politics",
                "weighted_count": 51.7504084006158,
                "normalized_intensity": 51.7504084006158
            }
        ]
    }
}