{
    "2024-02": {
        "total_ads": 2,
        "topics": [
            {
                "topic": "religion",
                "weighted_count": 106.6482206227481,
                "normalized_intensity": 53.32411031137405
            }
        ]
    }
}