{
    "2024-02": {
        "total_ads": 2,
        "topics": [
            {
                "topic": "family",
                "weighted_count": 123.67653449131365,
                "normalized_intensity": 61.83826724565682
            },
            {
                "topic": "parenting",
                "weighted_count": 117.81419414030516,
                "normalized_intensity": 58.90709707015258
            },
            {
                "topic": "childcare",
                "weighted_count": 107.61937587787473,
                "normalized_intensity": 53.809687938937365
            }
        ]
    }
}