{
    "2024-02": {
        "total_ads": 1,
        "topics": [
            {
                "topic": "yukon",
                "weighted_count": 80.47284822294469,
                "normalized_intensity": 80.47284822294469
            },
            {
                "topic": "politics",
                "weighted_count": 55.900666214008645,
                "normalized_intensity": 55.900666214008645
            }
        ]
    }
}