{
    "2024-02": {
        "total_ads": 1,
        "topics": [
            {
                "topic": "voting",
                "weighted_count": 65.02202430581325,
                "normalized_intensity": 65.02202430581325
            },
            {
                "topic": "politics",
                "weighted_count": 59.642909963630494,
                "normalized_intensity": 59.642909963630494
            },
            {
                "topic": "transparency",
                "weighted_count": 51.23232531219835,
                "normalized_intensity": 51.23232531219835
            }
        ]
    }
}