{
    "2024-01": {
        "total_ads": 5,
        "topics": [
            {
                "topic": "voting",
                "weighted_count": 323.5423527761009,
                "normalized_intensity": 64.70847055522019
            },
            {
                "topic": "politics",
                "weighted_count": 279.86147992282406,
                "normalized_intensity": 55.97229598456481
            }
        ]
    }
}