{
    "2024-01": {
        "total_ads": 3,
        "topics": [
            {
                "topic": "taxation",
                "weighted_count": 190.32003891797098,
                "normalized_intensity": 63.440012972656994
            }
        ]
    }
}