{
    "2023-09": {
        "total_ads": 2,
        "topics": [
            {
                "topic": "violence",
                "weighted_count": 165.7563862040713,
                "normalized_intensity": 82.87819310203565
            },
            {
                "topic": "crime",
                "weighted_count": 105.6126415243798,
                "normalized_intensity": 52.8063207621899
            }
        ]
    },
    "2024-01": {
        "total_ads": 2,
        "topics": [
            {
                "topic": "quebec",
                "weighted_count": 146.1367311946478,
                "normalized_intensity": 73.0683655973239
            },
            {
                "topic": "indigenous-rights",
                "weighted_count": 117.70255788066717,
                "normalized_intensity": 58.851278940333586
            },
            {
                "topic": "community",
                "weighted_count": 51.24550905553612,
                "normalized_intensity": 25.62275452776806
            }
        ]
    }
}