{
    "2024-01": {
        "total_ads": 1,
        "topics": [
            {
                "topic": "art",
                "weighted_count": 85.4100534760772,
                "normalized_intensity": 85.4100534760772
            },
            {
                "topic": "heritage",
                "weighted_count": 60.770662036424184,
                "normalized_intensity": 60.770662036424184
            },
            {
                "topic": "culture",
                "weighted_count": 53.079241706834146,
                "normalized_intensity": 53.079241706834146
            },
            {
                "topic": "community",
                "weighted_count": 49.41891137174034,
                "normalized_intensity": 49.41891137174034
            }
        ]
    }
}