{
    "2023-11": {
        "total_ads": 1,
        "topics": [
            {
                "topic": "scientific-research",
                "weighted_count": 68.58654494516809,
                "normalized_intensity": 68.58654494516809
            },
            {
                "topic": "media",
                "weighted_count": 62.69403913704734,
                "normalized_intensity": 62.69403913704734
            },
            {
                "topic": "digital-rights",
                "weighted_count": 49.99158035641971,
                "normalized_intensity": 49.99158035641971
            }
        ]
    }
}