{
    "2023-12": {
        "total_ads": 1,
        "topics": [
            {
                "topic": "dairy-industry",
                "weighted_count": 49.01729412440235,
                "normalized_intensity": 49.01729412440235
            }
        ]
    }
}