{
    "2023-12": {
        "total_ads": 1,
        "topics": [
            {
                "topic": "health",
                "weighted_count": 50.67439443913989,
                "normalized_intensity": 50.67439443913989
            }
        ]
    }
}