{
    "2023-10": {
        "total_ads": 1,
        "topics": [
            {
                "topic": "foreign-policy",
                "weighted_count": 55.1584513083716,
                "normalized_intensity": 55.1584513083716
            },
            {
                "topic": "humanitarian-aid",
                "weighted_count": 51.28655229067978,
                "normalized_intensity": 51.28655229067978
            }
        ]
    }
}