{
    "2023-12": {
        "total_ads": 1,
        "topics": [
            {
                "topic": "government-ethics",
                "weighted_count": 88.7538927408845,
                "normalized_intensity": 88.7538927408845
            },
            {
                "topic": "corruption",
                "weighted_count": 85.69078178066356,
                "normalized_intensity": 85.69078178066356
            },
            {
                "topic": "transparency",
                "weighted_count": 76.3737615361803,
                "normalized_intensity": 76.3737615361803
            },
            {
                "topic": "outrage",
                "weighted_count": 50.52567079097946,
                "normalized_intensity": 50.52567079097946
            }
        ]
    }
}