{
    "2023-12": {
        "total_ads": 2,
        "topics": [
            {
                "topic": "conservation",
                "weighted_count": 136.97414662848183,
                "normalized_intensity": 68.48707331424092
            },
            {
                "topic": "sustainability",
                "weighted_count": 110.37579233644183,
                "normalized_intensity": 55.18789616822092
            },
            {
                "topic": "heritage",
                "weighted_count": 103.6139001362735,
                "normalized_intensity": 51.80695006813675
            },
            {
                "topic": "indigenous-rights",
                "weighted_count": 99.7875202639948,
                "normalized_intensity": 49.8937601319974
            }
        ]
    }
}