{
    "2023-12": {
        "total_ads": 1,
        "topics": [
            {
                "topic": "science",
                "weighted_count": 55.13444453149173,
                "normalized_intensity": 55.13444453149173
            },
            {
                "topic": "film",
                "weighted_count": 52.22103289964647,
                "normalized_intensity": 52.22103289964647
            },
            {
                "topic": "scientific-research",
                "weighted_count": 51.42825213843217,
                "normalized_intensity": 51.42825213843217
            }
        ]
    }
}