{
    "2024-08": {
        "total_ads": 12,
        "topics": [
            {
                "topic": "public-health",
                "weighted_count": 381.4349091803505,
                "normalized_intensity": 31.78624243169587
            }
        ]
    }
}