{
    "2023-11": {
        "total_ads": 1,
        "topics": [
            {
                "topic": "womens-rights",
                "weighted_count": 61.24346698807014,
                "normalized_intensity": 61.24346698807014
            },
            {
                "topic": "lgbtq",
                "weighted_count": 57.554271868118455,
                "normalized_intensity": 57.554271868118455
            },
            {
                "topic": "violence",
                "weighted_count": 55.30172657943656,
                "normalized_intensity": 55.30172657943656
            },
            {
                "topic": "social justice",
                "weighted_count": 51.72781931557445,
                "normalized_intensity": 51.72781931557445
            }
        ]
    }
}