{
    "2023-10": {
        "total_ads": 1,
        "topics": [
            {
                "topic": "yukon",
                "weighted_count": 66.85235146774464,
                "normalized_intensity": 66.85235146774464
            }
        ]
    },
    "2023-11": {
        "total_ads": 1,
        "topics": [
            {
                "topic": "yukon",
                "weighted_count": 66.85235146774464,
                "normalized_intensity": 66.85235146774464
            }
        ]
    }
}