{
    "2023-11": {
        "total_ads": 1,
        "topics": [
            {
                "topic": "ontario",
                "weighted_count": 60.891753193397015,
                "normalized_intensity": 60.891753193397015
            },
            {
                "topic": "community",
                "weighted_count": 54.93142832593792,
                "normalized_intensity": 54.93142832593792
            },
            {
                "topic": "politics",
                "weighted_count": 52.73006568023072,
                "normalized_intensity": 52.73006568023072
            }
        ]
    }
}