{
    "2023-11": {
        "total_ads": 1,
        "topics": [
            {
                "topic": "nonprofits",
                "weighted_count": 68.24241921097348,
                "normalized_intensity": 68.24241921097348
            },
            {
                "topic": "social-enterprise",
                "weighted_count": 50.802909319211366,
                "normalized_intensity": 50.802909319211366
            }
        ]
    }
}