{
    "2023-11": {
        "total_ads": 1,
        "topics": [
            {
                "topic": "public-safety",
                "weighted_count": 64.7550689781303,
                "normalized_intensity": 64.7550689781303
            },
            {
                "topic": "urban-planning",
                "weighted_count": 61.47327297379933,
                "normalized_intensity": 61.47327297379933
            }
        ]
    }
}