{
    "2023-11": {
        "total_ads": 2,
        "topics": [
            {
                "topic": "community",
                "weighted_count": 128.31128213625956,
                "normalized_intensity": 64.15564106812978
            },
            {
                "topic": "quebec",
                "weighted_count": 123.2494485548575,
                "normalized_intensity": 61.62472427742875
            }
        ]
    }
}