{
    "2023-11": {
        "total_ads": 1,
        "topics": [
            {
                "topic": "quebec",
                "weighted_count": 62.01116990342054,
                "normalized_intensity": 62.01116990342054
            }
        ]
    }
}