{
    "2023-11": {
        "total_ads": 2,
        "topics": [
            {
                "topic": "nonprofits",
                "weighted_count": 116.56884687813853,
                "normalized_intensity": 58.284423439069265
            },
            {
                "topic": "social-enterprise",
                "weighted_count": 106.99205321582359,
                "normalized_intensity": 53.496026607911794
            }
        ]
    }
}