{
    "2023-11": {
        "total_ads": 1,
        "topics": [
            {
                "topic": "education",
                "weighted_count": 57.987357685087474,
                "normalized_intensity": 57.987357685087474
            },
            {
                "topic": "education-policy",
                "weighted_count": 53.44025439999691,
                "normalized_intensity": 53.44025439999691
            }
        ]
    }
}