{
    "2024-05": {
        "total_ads": 5,
        "topics": [
            {
                "topic": "entertainment",
                "weighted_count": 275.46428781392,
                "normalized_intensity": 55.092857562784005
            },
            {
                "topic": "joy",
                "weighted_count": 265.9010530695541,
                "normalized_intensity": 53.18021061391082
            }
        ]
    },
    "2024-07": {
        "total_ads": 10,
        "topics": [
            {
                "topic": "housing",
                "weighted_count": 628.4660230270906,
                "normalized_intensity": 62.84660230270906
            }
        ]
    },
    "2024-08": {
        "total_ads": 2,
        "topics": [
            {
                "topic": "housing",
                "weighted_count": 125.69320460541812,
                "normalized_intensity": 62.84660230270906
            }
        ]
    }
}