{
    "2023-10": {
        "total_ads": 4,
        "topics": [
            {
                "topic": "joy",
                "weighted_count": 121.10524421373118,
                "normalized_intensity": 30.276311053432796
            },
            {
                "topic": "community",
                "weighted_count": 100.48226636962299,
                "normalized_intensity": 25.120566592405748
            }
        ]
    },
    "2023-11": {
        "total_ads": 1,
        "topics": [
            {
                "topic": "campaign-finance",
                "weighted_count": 56.79484947182242,
                "normalized_intensity": 56.79484947182242
            },
            {
                "topic": "politics",
                "weighted_count": 53.18641555350888,
                "normalized_intensity": 53.18641555350888
            }
        ]
    }
}