{
    "2023-10": {
        "total_ads": 2,
        "topics": [
            {
                "topic": "community",
                "weighted_count": 108.18227680297534,
                "normalized_intensity": 54.09113840148767
            },
            {
                "topic": "womens-rights",
                "weighted_count": 103.17242827681363,
                "normalized_intensity": 51.58621413840682
            }
        ]
    }
}