{
    "2023-11": {
        "total_ads": 1,
        "topics": [
            {
                "topic": "nunavut",
                "weighted_count": 72.27154028002354,
                "normalized_intensity": 72.27154028002354
            },
            {
                "topic": "environment",
                "weighted_count": 56.23061035354152,
                "normalized_intensity": 56.23061035354152
            },
            {
                "topic": "conservation",
                "weighted_count": 53.98204205707828,
                "normalized_intensity": 53.98204205707828
            },
            {
                "topic": "indigenous-rights",
                "weighted_count": 51.22009226687163,
                "normalized_intensity": 51.22009226687163
            }
        ]
    }
}