{
    "2023-11": {
        "total_ads": 1,
        "topics": [
            {
                "topic": "ontario",
                "weighted_count": 74.80047417580484,
                "normalized_intensity": 74.80047417580484
            },
            {
                "topic": "community",
                "weighted_count": 57.106082644425214,
                "normalized_intensity": 57.106082644425214
            }
        ]
    }
}