{
    "2023-11": {
        "total_ads": 2,
        "topics": [
            {
                "topic": "labor",
                "weighted_count": 131.56659875935634,
                "normalized_intensity": 65.78329937967817
            },
            {
                "topic": "labour-rights",
                "weighted_count": 121.86620709945882,
                "normalized_intensity": 60.93310354972941
            },
            {
                "topic": "gig-economy",
                "weighted_count": 103.95618248313147,
                "normalized_intensity": 51.978091241565735
            },
            {
                "topic": "workplace-culture",
                "weighted_count": 54.61782617671346,
                "normalized_intensity": 27.30891308835673
            }
        ]
    }
}