{
    "2023-10": {
        "total_ads": 4,
        "topics": [
            {
                "topic": "voting",
                "weighted_count": 239.8840915086778,
                "normalized_intensity": 59.97102287716945
            },
            {
                "topic": "education-policy",
                "weighted_count": 103.81891752646945,
                "normalized_intensity": 25.954729381617362
            },
            {
                "topic": "politics",
                "weighted_count": 56.46533468682563,
                "normalized_intensity": 14.116333671706407
            },
            {
                "topic": "weather",
                "weighted_count": 52.31055848700132,
                "normalized_intensity": 13.07763962175033
            }
        ]
    }
}