{
    "2023-10": {
        "total_ads": 10,
        "topics": [
            {
                "topic": "environment",
                "weighted_count": 499.8629046369639,
                "normalized_intensity": 49.98629046369639
            }
        ]
    }
}