{
    "2023-10": {
        "total_ads": 1,
        "topics": [
            {
                "topic": "urban-planning",
                "weighted_count": 57.67735988533581,
                "normalized_intensity": 57.67735988533581
            }
        ]
    }
}