{
    "2023-10": {
        "total_ads": 1,
        "topics": [
            {
                "topic": "theater",
                "weighted_count": 51.37580261830751,
                "normalized_intensity": 51.37580261830751
            },
            {
                "topic": "joy",
                "weighted_count": 50.51974876910732,
                "normalized_intensity": 50.51974876910732
            }
        ]
    }
}