{
    "2023-10": {
        "total_ads": 2,
        "topics": [
            {
                "topic": "disability",
                "weighted_count": 132.36539634473297,
                "normalized_intensity": 66.18269817236649
            },
            {
                "topic": "social-services",
                "weighted_count": 117.76052082599944,
                "normalized_intensity": 58.88026041299972
            }
        ]
    }
}