{
    "2023-10": {
        "total_ads": 1,
        "topics": [
            {
                "topic": "new brunswick",
                "weighted_count": 90.34142773684712,
                "normalized_intensity": 90.34142773684712
            },
            {
                "topic": "community",
                "weighted_count": 53.491723896672994,
                "normalized_intensity": 53.491723896672994
            }
        ]
    }
}