{
    "2023-10": {
        "total_ads": 2,
        "topics": [
            {
                "topic": "joy",
                "weighted_count": 106.48048898883528,
                "normalized_intensity": 53.24024449441764
            },
            {
                "topic": "rural",
                "weighted_count": 102.75091048036298,
                "normalized_intensity": 51.37545524018149
            }
        ]
    }
}