{
    "2023-10": {
        "total_ads": 1,
        "topics": [
            {
                "topic": "entertainment",
                "weighted_count": 60.24331612291901,
                "normalized_intensity": 60.24331612291901
            },
            {
                "topic": "television",
                "weighted_count": 49.463119103019764,
                "normalized_intensity": 49.463119103019764
            }
        ]
    }
}