{
    "2023-10": {
        "total_ads": 2,
        "topics": [
            {
                "topic": "transportation",
                "weighted_count": 137.59586720598105,
                "normalized_intensity": 68.79793360299053
            },
            {
                "topic": "infrastructure",
                "weighted_count": 131.6152354786725,
                "normalized_intensity": 65.80761773933625
            }
        ]
    }
}