{
    "2023-10": {
        "total_ads": 1,
        "topics": [
            {
                "topic": "disability",
                "weighted_count": 76.60228165661837,
                "normalized_intensity": 76.60228165661837
            },
            {
                "topic": "northwest territories",
                "weighted_count": 60.824928569405024,
                "normalized_intensity": 60.824928569405024
            },
            {
                "topic": "social-services",
                "weighted_count": 52.28149322271767,
                "normalized_intensity": 52.28149322271767
            },
            {
                "topic": "community",
                "weighted_count": 51.27337224360037,
                "normalized_intensity": 51.27337224360037
            }
        ]
    }
}