{
    "2023-10": {
        "total_ads": 1,
        "topics": [
            {
                "topic": "nonprofits",
                "weighted_count": 50.5444309247499,
                "normalized_intensity": 50.5444309247499
            }
        ]
    }
}