{
    "2023-09": {
        "total_ads": 1,
        "topics": [
            {
                "topic": "voting",
                "weighted_count": 65.628726203898,
                "normalized_intensity": 65.628726203898
            },
            {
                "topic": "politics",
                "weighted_count": 53.671941701232264,
                "normalized_intensity": 53.671941701232264
            }
        ]
    },
    "2023-10": {
        "total_ads": 1,
        "topics": [
            {
                "topic": "voting",
                "weighted_count": 66.58173099299378,
                "normalized_intensity": 66.58173099299378
            },
            {
                "topic": "politics",
                "weighted_count": 54.28136617568957,
                "normalized_intensity": 54.28136617568957
            }
        ]
    }
}