{
    "2023-09": {
        "total_ads": 2,
        "topics": [
            {
                "topic": "seafood-industry",
                "weighted_count": 154.89841734192996,
                "normalized_intensity": 77.44920867096498
            },
            {
                "topic": "northwest territories",
                "weighted_count": 134.27079306476287,
                "normalized_intensity": 67.13539653238144
            },
            {
                "topic": "indigenous-rights",
                "weighted_count": 98.1717723588666,
                "normalized_intensity": 49.0858861794333
            }
        ]
    }
}