{
    "2023-09": {
        "total_ads": 1,
        "topics": [
            {
                "topic": "business",
                "weighted_count": 50.261865338155474,
                "normalized_intensity": 50.261865338155474
            }
        ]
    }
}