{
    "2023-09": {
        "total_ads": 1,
        "topics": [
            {
                "topic": "theater",
                "weighted_count": 79.66908098455056,
                "normalized_intensity": 79.66908098455056
            },
            {
                "topic": "film",
                "weighted_count": 59.40632309735613,
                "normalized_intensity": 59.40632309735613
            }
        ]
    }
}