{
    "2023-09": {
        "total_ads": 1,
        "topics": [
            {
                "topic": "conservation",
                "weighted_count": 51.738123128573164,
                "normalized_intensity": 51.738123128573164
            },
            {
                "topic": "sustainability",
                "weighted_count": 49.29551429306543,
                "normalized_intensity": 49.29551429306543
            }
        ]
    }
}