{
    "2023-09": {
        "total_ads": 1,
        "topics": [
            {
                "topic": "voting",
                "weighted_count": 77.13935492266877,
                "normalized_intensity": 77.13935492266877
            },
            {
                "topic": "british columbia",
                "weighted_count": 60.110026091251065,
                "normalized_intensity": 60.110026091251065
            },
            {
                "topic": "politics",
                "weighted_count": 57.761981432057595,
                "normalized_intensity": 57.761981432057595
            }
        ]
    }
}