{
    "2023-09": {
        "total_ads": 1,
        "topics": [
            {
                "topic": "community",
                "weighted_count": 59.46662247835079,
                "normalized_intensity": 59.46662247835079
            },
            {
                "topic": "joy",
                "weighted_count": 52.2784640836908,
                "normalized_intensity": 52.2784640836908
            },
            {
                "topic": "sports",
                "weighted_count": 49.18122968266594,
                "normalized_intensity": 49.18122968266594
            },
            {
                "topic": "social-services",
                "weighted_count": 49.06099122791091,
                "normalized_intensity": 49.06099122791091
            }
        ]
    }
}