{
    "2023-09": {
        "total_ads": 1,
        "topics": [
            {
                "topic": "northwest territories",
                "weighted_count": 72.39437285328687,
                "normalized_intensity": 72.39437285328687
            },
            {
                "topic": "voting",
                "weighted_count": 67.62316692352827,
                "normalized_intensity": 67.62316692352827
            },
            {
                "topic": "politics",
                "weighted_count": 65.70165914850993,
                "normalized_intensity": 65.70165914850993
            },
            {
                "topic": "indigenous-rights",
                "weighted_count": 60.20203646308778,
                "normalized_intensity": 60.20203646308778
            }
        ]
    }
}