{
    "2023-09": {
        "total_ads": 1,
        "topics": [
            {
                "topic": "quebec",
                "weighted_count": 72.48348884351662,
                "normalized_intensity": 72.48348884351662
            },
            {
                "topic": "politics",
                "weighted_count": 52.347614469818694,
                "normalized_intensity": 52.347614469818694
            },
            {
                "topic": "community",
                "weighted_count": 49.395098779297776,
                "normalized_intensity": 49.395098779297776
            }
        ]
    }
}