{
    "2023-09": {
        "total_ads": 2,
        "topics": [
            {
                "topic": "housing",
                "weighted_count": 114.845328988146,
                "normalized_intensity": 57.422664494073
            },
            {
                "topic": "urban-planning",
                "weighted_count": 109.1534291534485,
                "normalized_intensity": 54.57671457672425
            },
            {
                "topic": "energy-policy",
                "weighted_count": 103.32514805540458,
                "normalized_intensity": 51.66257402770229
            },
            {
                "topic": "social-enterprise",
                "weighted_count": 99.54252426928629,
                "normalized_intensity": 49.771262134643145
            }
        ]
    }
}