{
    "2023-09": {
        "total_ads": 1,
        "topics": [
            {
                "topic": "housing",
                "weighted_count": 69.55257692970216,
                "normalized_intensity": 69.55257692970216
            },
            {
                "topic": "homelessness",
                "weighted_count": 60.096472867484096,
                "normalized_intensity": 60.096472867484096
            },
            {
                "topic": "urban-planning",
                "weighted_count": 58.31579064496029,
                "normalized_intensity": 58.31579064496029
            },
            {
                "topic": "community",
                "weighted_count": 53.54634556490466,
                "normalized_intensity": 53.54634556490466
            }
        ]
    }
}