{
    "2023-09": {
        "total_ads": 1,
        "topics": [
            {
                "topic": "housing",
                "weighted_count": 62.501458620391794,
                "normalized_intensity": 62.501458620391794
            }
        ]
    }
}