{
    "2023-09": {
        "total_ads": 1,
        "topics": [
            {
                "topic": "northwest territories",
                "weighted_count": 63.291781991194455,
                "normalized_intensity": 63.291781991194455
            },
            {
                "topic": "indigenous-rights",
                "weighted_count": 60.63419133190111,
                "normalized_intensity": 60.63419133190111
            }
        ]
    }
}