{
    "2024-07": {
        "total_ads": 1,
        "topics": [
            {
                "topic": "rural",
                "weighted_count": 65.19048323059225,
                "normalized_intensity": 65.19048323059225
            },
            {
                "topic": "agriculture",
                "weighted_count": 59.058479970610925,
                "normalized_intensity": 59.058479970610925
            },
            {
                "topic": "indigenous-rights",
                "weighted_count": 50.84917287753202,
                "normalized_intensity": 50.84917287753202
            }
        ]
    }
}