{
    "2024-07": {
        "total_ads": 2,
        "topics": [
            {
                "topic": "northwest territories",
                "weighted_count": 125.69806089643222,
                "normalized_intensity": 62.84903044821611
            },
            {
                "topic": "pollution",
                "weighted_count": 106.77803777186551,
                "normalized_intensity": 53.38901888593276
            },
            {
                "topic": "trade-policy",
                "weighted_count": 105.93171496503278,
                "normalized_intensity": 52.96585748251639
            }
        ]
    }
}