{
    "2024-06": {
        "total_ads": 2,
        "topics": [
            {
                "topic": "prince edward island",
                "weighted_count": 63.4455521928161,
                "normalized_intensity": 31.72277609640805
            },
            {
                "topic": "politics",
                "weighted_count": 49.99549582859947,
                "normalized_intensity": 24.997747914299737
            }
        ]
    }
}