{
    "2024-07": {
        "total_ads": 4,
        "topics": [
            {
                "topic": "politics",
                "weighted_count": 232.8394767094003,
                "normalized_intensity": 58.20986917735007
            },
            {
                "topic": "voting",
                "weighted_count": 99.54471627646458,
                "normalized_intensity": 24.886179069116146
            },
            {
                "topic": "prince edward island",
                "weighted_count": 68.19670743241424,
                "normalized_intensity": 17.04917685810356
            }
        ]
    }
}