{
    "2023-09": {
        "total_ads": 6,
        "topics": [
            {
                "topic": "lgbtq",
                "weighted_count": 350.8131211576572,
                "normalized_intensity": 58.4688535262762
            },
            {
                "topic": "alberta",
                "weighted_count": 251.5071876557327,
                "normalized_intensity": 41.917864609288785
            },
            {
                "topic": "womens-rights",
                "weighted_count": 203.61622140395767,
                "normalized_intensity": 33.93603690065961
            }
        ]
    },
    "2024-02": {
        "total_ads": 2,
        "topics": [
            {
                "topic": "alberta",
                "weighted_count": 153.348705026597,
                "normalized_intensity": 76.6743525132985
            }
        ]
    },
    "2024-07": {
        "total_ads": 3,
        "topics": [
            {
                "topic": "alberta",
                "weighted_count": 211.01928145894323,
                "normalized_intensity": 70.3397604863144
            },
            {
                "topic": "finance",
                "weighted_count": 157.23440559337024,
                "normalized_intensity": 52.41146853112341
            }
        ]
    }
}