{
    "2024-05": {
        "total_ads": 2,
        "topics": [
            {
                "topic": "quebec",
                "weighted_count": 138.21895930657598,
                "normalized_intensity": 69.10947965328799
            },
            {
                "topic": "literature",
                "weighted_count": 119.3372888720672,
                "normalized_intensity": 59.6686444360336
            }
        ]
    },
    "2024-07": {
        "total_ads": 2,
        "topics": [
            {
                "topic": "outrage",
                "weighted_count": 101.28833313881998,
                "normalized_intensity": 50.64416656940999
            }
        ]
    },
    "2024-08": {
        "total_ads": 1,
        "topics": [
            {
                "topic": "outrage",
                "weighted_count": 58.45320455415586,
                "normalized_intensity": 58.45320455415586
            },
            {
                "topic": "politics",
                "weighted_count": 52.78404851059825,
                "normalized_intensity": 52.78404851059825
            }
        ]
    }
}