{
    "2024-06": {
        "total_ads": 2,
        "topics": [
            {
                "topic": "community",
                "weighted_count": 58.571907278183865,
                "normalized_intensity": 29.285953639091932
            },
            {
                "topic": "joy",
                "weighted_count": 51.75721281647399,
                "normalized_intensity": 25.878606408236994
            },
            {
                "topic": "transparency",
                "weighted_count": 49.859805143955406,
                "normalized_intensity": 24.929902571977703
            }
        ]
    },
    "2024-07": {
        "total_ads": 1,
        "topics": [
            {
                "topic": "joy",
                "weighted_count": 51.75721281647399,
                "normalized_intensity": 51.75721281647399
            }
        ]
    }
}