{
    "2024-07": {
        "total_ads": 1,
        "topics": [
            {
                "topic": "gig-economy",
                "weighted_count": 51.13045667413411,
                "normalized_intensity": 51.13045667413411
            },
            {
                "topic": "business",
                "weighted_count": 50.10489440659995,
                "normalized_intensity": 50.10489440659995
            },
            {
                "topic": "workplace-culture",
                "weighted_count": 50.003046437746576,
                "normalized_intensity": 50.003046437746576
            }
        ]
    }
}