{
    "2024-07": {
        "total_ads": 3,
        "topics": [
            {
                "topic": "british columbia",
                "weighted_count": 206.30721250746896,
                "normalized_intensity": 68.76907083582299
            },
            {
                "topic": "politics",
                "weighted_count": 178.74970588433018,
                "normalized_intensity": 59.58323529477673
            }
        ]
    },
    "2024-08": {
        "total_ads": 2,
        "topics": [
            {
                "topic": "british columbia",
                "weighted_count": 130.64110043365025,
                "normalized_intensity": 65.32055021682513
            }
        ]
    }
}