{
    "2024-07": {
        "total_ads": 1,
        "topics": [
            {
                "topic": "ontario",
                "weighted_count": 65.00638378707842,
                "normalized_intensity": 65.00638378707842
            }
        ]
    }
}