{
    "2024-06": {
        "total_ads": 1,
        "topics": [
            {
                "topic": "saskatchewan",
                "weighted_count": 63.18038218074044,
                "normalized_intensity": 63.18038218074044
            }
        ]
    }
}