{
    "2024-06": {
        "total_ads": 1,
        "topics": [
            {
                "topic": "violence",
                "weighted_count": 59.00876020073338,
                "normalized_intensity": 59.00876020073338
            },
            {
                "topic": "womens-rights",
                "weighted_count": 54.989564939431865,
                "normalized_intensity": 54.989564939431865
            },
            {
                "topic": "crime",
                "weighted_count": 54.554735667514684,
                "normalized_intensity": 54.554735667514684
            }
        ]
    }
}