{
    "2024-06": {
        "total_ads": 2,
        "topics": [
            {
                "topic": "new brunswick",
                "weighted_count": 133.36445441098482,
                "normalized_intensity": 66.68222720549241
            },
            {
                "topic": "community",
                "weighted_count": 112.12775333100117,
                "normalized_intensity": 56.06387666550059
            },
            {
                "topic": "voting",
                "weighted_count": 111.22766736305381,
                "normalized_intensity": 55.613833681526906
            },
            {
                "topic": "politics",
                "weighted_count": 109.69949781850205,
                "normalized_intensity": 54.849748909251026
            }
        ]
    }
}