{
    "2024-06": {
        "total_ads": 1,
        "topics": [
            {
                "topic": "nunavut",
                "weighted_count": 77.36467345282807,
                "normalized_intensity": 77.36467345282807
            },
            {
                "topic": "politics",
                "weighted_count": 49.55966682576924,
                "normalized_intensity": 49.55966682576924
            }
        ]
    }
}