{
    "2024-07": {
        "total_ads": 2,
        "topics": [
            {
                "topic": "nonprofits",
                "weighted_count": 142.8697494365474,
                "normalized_intensity": 71.4348747182737
            },
            {
                "topic": "campaign-finance",
                "weighted_count": 109.40368159967385,
                "normalized_intensity": 54.70184079983692
            }
        ]
    }
}