{
    "2024-08": {
        "total_ads": 3,
        "topics": [
            {
                "topic": "ontario",
                "weighted_count": 221.12715019652325,
                "normalized_intensity": 73.70905006550775
            },
            {
                "topic": "voting",
                "weighted_count": 167.39860694364572,
                "normalized_intensity": 55.7995356478819
            },
            {
                "topic": "politics",
                "weighted_count": 153.31979280811558,
                "normalized_intensity": 51.10659760270519
            }
        ]
    }
}