{
    "2024-06": {
        "total_ads": 4,
        "topics": [
            {
                "topic": "womens-rights",
                "weighted_count": 105.78022828190956,
                "normalized_intensity": 26.44505707047739
            },
            {
                "topic": "media",
                "weighted_count": 49.35084209722285,
                "normalized_intensity": 12.337710524305713
            }
        ]
    }
}