{
    "2024-06": {
        "total_ads": 2,
        "topics": [
            {
                "topic": "ontario",
                "weighted_count": 64.89592649165664,
                "normalized_intensity": 32.44796324582832
            },
            {
                "topic": "politics",
                "weighted_count": 60.87868316851651,
                "normalized_intensity": 30.439341584258255
            }
        ]
    }
}