{
    "2024-06": {
        "total_ads": 1,
        "topics": [
            {
                "topic": "quebec",
                "weighted_count": 77.36578685298731,
                "normalized_intensity": 77.36578685298731
            },
            {
                "topic": "politics",
                "weighted_count": 57.401261167992146,
                "normalized_intensity": 57.401261167992146
            }
        ]
    }
}