{
    "2024-06": {
        "total_ads": 2,
        "topics": [
            {
                "topic": "british columbia",
                "weighted_count": 133.70129090056824,
                "normalized_intensity": 66.85064545028412
            }
        ]
    }
}