{
    "2024-06": {
        "total_ads": 2,
        "topics": [
            {
                "topic": "ontario",
                "weighted_count": 136.91208041860966,
                "normalized_intensity": 68.45604020930483
            },
            {
                "topic": "health",
                "weighted_count": 132.52763327585347,
                "normalized_intensity": 66.26381663792674
            },
            {
                "topic": "healthcare-policy",
                "weighted_count": 109.7956944873287,
                "normalized_intensity": 54.89784724366435
            },
            {
                "topic": "public-health",
                "weighted_count": 102.83846121758135,
                "normalized_intensity": 51.41923060879068
            }
        ]
    }
}