{
    "2024-06": {
        "total_ads": 2,
        "topics": [
            {
                "topic": "housing",
                "weighted_count": 128.94557868375108,
                "normalized_intensity": 64.47278934187554
            },
            {
                "topic": "community",
                "weighted_count": 98.83954117798686,
                "normalized_intensity": 49.41977058899343
            }
        ]
    }
}