{
    "2024-07": {
        "total_ads": 2,
        "topics": [
            {
                "topic": "health",
                "weighted_count": 123.07698882731867,
                "normalized_intensity": 61.538494413659336
            }
        ]
    }
}