{
    "2024-06": {
        "total_ads": 1,
        "topics": [
            {
                "topic": "literature",
                "weighted_count": 67.77735235258605,
                "normalized_intensity": 67.77735235258605
            },
            {
                "topic": "community",
                "weighted_count": 59.133712616377906,
                "normalized_intensity": 59.133712616377906
            }
        ]
    }
}