{
    "2024-05": {
        "total_ads": 2,
        "topics": [
            {
                "topic": "housing",
                "weighted_count": 111.36023234202153,
                "normalized_intensity": 55.680116171010766
            },
            {
                "topic": "homelessness",
                "weighted_count": 100.53100022713745,
                "normalized_intensity": 50.26550011356873
            }
        ]
    }
}