{
    "2024-07": {
        "total_ads": 1,
        "topics": [
            {
                "topic": "food",
                "weighted_count": 62.393382225094655,
                "normalized_intensity": 62.393382225094655
            },
            {
                "topic": "community",
                "weighted_count": 50.47874357888536,
                "normalized_intensity": 50.47874357888536
            },
            {
                "topic": "family",
                "weighted_count": 50.296760631585855,
                "normalized_intensity": 50.296760631585855
            }
        ]
    }
}