{
    "2024-05": {
        "total_ads": 1,
        "topics": [
            {
                "topic": "new brunswick",
                "weighted_count": 69.25041348310475,
                "normalized_intensity": 69.25041348310475
            },
            {
                "topic": "community",
                "weighted_count": 53.80064932275269,
                "normalized_intensity": 53.80064932275269
            },
            {
                "topic": "campaign-finance",
                "weighted_count": 51.41700868360487,
                "normalized_intensity": 51.41700868360487
            }
        ]
    }
}