{
    "2024-05": {
        "total_ads": 2,
        "topics": [
            {
                "topic": "culture",
                "weighted_count": 114.02613282182045,
                "normalized_intensity": 57.01306641091023
            },
            {
                "topic": "heritage",
                "weighted_count": 110.50985033953337,
                "normalized_intensity": 55.254925169766686
            },
            {
                "topic": "history",
                "weighted_count": 109.82614746876669,
                "normalized_intensity": 54.913073734383346
            },
            {
                "topic": "joy",
                "weighted_count": 98.15331424665405,
                "normalized_intensity": 49.076657123327024
            }
        ]
    }
}