{
    "2024-05": {
        "total_ads": 3,
        "topics": [
            {
                "topic": "community",
                "weighted_count": 175.12740350683384,
                "normalized_intensity": 58.37580116894461
            },
            {
                "topic": "politics",
                "weighted_count": 173.97911610678247,
                "normalized_intensity": 57.993038702260826
            },
            {
                "topic": "quebec",
                "weighted_count": 61.15604806671836,
                "normalized_intensity": 20.38534935557279
            }
        ]
    }
}