{
    "2024-05": {
        "total_ads": 1,
        "topics": [
            {
                "topic": "seafood-industry",
                "weighted_count": 69.94988047261016,
                "normalized_intensity": 69.94988047261016
            },
            {
                "topic": "animal-rights",
                "weighted_count": 62.62305756601761,
                "normalized_intensity": 62.62305756601761
            },
            {
                "topic": "outrage",
                "weighted_count": 56.34878398932178,
                "normalized_intensity": 56.34878398932178
            },
            {
                "topic": "violence",
                "weighted_count": 50.25949899043993,
                "normalized_intensity": 50.25949899043993
            }
        ]
    }
}