{
    "2024-04": {
        "total_ads": 1,
        "topics": [
            {
                "topic": "religion",
                "weighted_count": 51.51751237471742,
                "normalized_intensity": 51.51751237471742
            },
            {
                "topic": "human-trafficking",
                "weighted_count": 49.830718451638845,
                "normalized_intensity": 49.830718451638845
            },
            {
                "topic": "community",
                "weighted_count": 49.627750262368124,
                "normalized_intensity": 49.627750262368124
            }
        ]
    }
}