{
    "2024-05": {
        "total_ads": 1,
        "topics": [
            {
                "topic": "nonprofits",
                "weighted_count": 65.34937695265712,
                "normalized_intensity": 65.34937695265712
            },
            {
                "topic": "campaign-finance",
                "weighted_count": 62.285278607889246,
                "normalized_intensity": 62.285278607889246
            },
            {
                "topic": "scientific-research",
                "weighted_count": 52.9676560291539,
                "normalized_intensity": 52.9676560291539
            }
        ]
    }
}