{
    "2024-05": {
        "total_ads": 1,
        "topics": [
            {
                "topic": "culture",
                "weighted_count": 63.23233121579411,
                "normalized_intensity": 63.23233121579411
            },
            {
                "topic": "heritage",
                "weighted_count": 58.25163705890321,
                "normalized_intensity": 58.25163705890321
            },
            {
                "topic": "history",
                "weighted_count": 49.904684989788635,
                "normalized_intensity": 49.904684989788635
            }
        ]
    }
}