{
    "2024-05": {
        "total_ads": 1,
        "topics": [
            {
                "topic": "seafood-industry",
                "weighted_count": 52.64310294059803,
                "normalized_intensity": 52.64310294059803
            }
        ]
    }
}