{
    "2024-08": {
        "total_ads": 18,
        "topics": [
            {
                "topic": "violence",
                "weighted_count": 1262.3337000819897,
                "normalized_intensity": 70.12965000455499
            },
            {
                "topic": "outrage",
                "weighted_count": 1034.1955751923826,
                "normalized_intensity": 57.455309732910145
            },
            {
                "topic": "foreign-policy",
                "weighted_count": 900.4172066259093,
                "normalized_intensity": 50.023178145883854
            },
            {
                "topic": "military",
                "weighted_count": 98.31998333136019,
                "normalized_intensity": 5.462221296186677
            }
        ]
    }
}