{
    "2024-05": {
        "total_ads": 1,
        "topics": [
            {
                "topic": "voting",
                "weighted_count": 69.39793064496412,
                "normalized_intensity": 69.39793064496412
            },
            {
                "topic": "politics",
                "weighted_count": 58.37779241820223,
                "normalized_intensity": 58.37779241820223
            },
            {
                "topic": "community",
                "weighted_count": 52.69078612241391,
                "normalized_intensity": 52.69078612241391
            }
        ]
    }
}