{
    "2024-05": {
        "total_ads": 12,
        "topics": [
            {
                "topic": "quebec",
                "weighted_count": 803.0996015767954,
                "normalized_intensity": 66.92496679806628
            },
            {
                "topic": "labor",
                "weighted_count": 796.7663449797722,
                "normalized_intensity": 66.39719541498101
            },
            {
                "topic": "labour-rights",
                "weighted_count": 761.3609057412027,
                "normalized_intensity": 63.446742145100224
            },
            {
                "topic": "gig-economy",
                "weighted_count": 150.00842886373022,
                "normalized_intensity": 12.500702405310852
            }
        ]
    }
}