{
    "2024-04": {
        "total_ads": 1,
        "topics": [
            {
                "topic": "infrastructure",
                "weighted_count": 57.504685219820054,
                "normalized_intensity": 57.504685219820054
            },
            {
                "topic": "public-safety",
                "weighted_count": 49.23466409502288,
                "normalized_intensity": 49.23466409502288
            }
        ]
    }
}