{
    "2024-04": {
        "total_ads": 2,
        "topics": [
            {
                "topic": "ontario",
                "weighted_count": 121.11156075901528,
                "normalized_intensity": 60.55578037950764
            },
            {
                "topic": "taxation",
                "weighted_count": 108.7677043568842,
                "normalized_intensity": 54.3838521784421
            }
        ]
    }
}