{
    "2024-04": {
        "total_ads": 8,
        "topics": [
            {
                "topic": "pollution",
                "weighted_count": 501.1111893656887,
                "normalized_intensity": 62.638898670711086
            },
            {
                "topic": "outrage",
                "weighted_count": 255.17199702526744,
                "normalized_intensity": 31.89649962815843
            }
        ]
    }
}