{
    "2024-04": {
        "total_ads": 3,
        "topics": [
            {
                "topic": "alberta",
                "weighted_count": 181.7250824841944,
                "normalized_intensity": 60.575027494731465
            },
            {
                "topic": "taxation",
                "weighted_count": 162.32047901402467,
                "normalized_intensity": 54.106826338008226
            }
        ]
    }
}