{
    "2024-04": {
        "total_ads": 1,
        "topics": [
            {
                "topic": "british columbia",
                "weighted_count": 60.942370762723506,
                "normalized_intensity": 60.942370762723506
            },
            {
                "topic": "politics",
                "weighted_count": 55.80228032080456,
                "normalized_intensity": 55.80228032080456
            }
        ]
    }
}