{
    "2024-04": {
        "total_ads": 2,
        "topics": [
            {
                "topic": "lifestyle",
                "weighted_count": 113.85234500601808,
                "normalized_intensity": 56.92617250300904
            },
            {
                "topic": "sports",
                "weighted_count": 111.7844427903515,
                "normalized_intensity": 55.89222139517575
            },
            {
                "topic": "community",
                "weighted_count": 106.2236051528486,
                "normalized_intensity": 53.1118025764243
            },
            {
                "topic": "health",
                "weighted_count": 98.76409774920866,
                "normalized_intensity": 49.38204887460433
            }
        ]
    }
}