{
    "2024-04": {
        "total_ads": 1,
        "topics": [
            {
                "topic": "new brunswick",
                "weighted_count": 60.167954496729806,
                "normalized_intensity": 60.167954496729806
            }
        ]
    }
}