{
    "2024-04": {
        "total_ads": 1,
        "topics": [
            {
                "topic": "indigenous-rights",
                "weighted_count": 62.97713853327307,
                "normalized_intensity": 62.97713853327307
            },
            {
                "topic": "sustainability",
                "weighted_count": 52.3415592911836,
                "normalized_intensity": 52.3415592911836
            },
            {
                "topic": "conservation",
                "weighted_count": 50.60492375765545,
                "normalized_intensity": 50.60492375765545
            }
        ]
    }
}