{
    "2024-02": {
        "total_ads": 2,
        "topics": [
            {
                "topic": "politics",
                "weighted_count": 99.82087515378048,
                "normalized_intensity": 49.91043757689024
            },
            {
                "topic": "community",
                "weighted_count": 98.62817373372857,
                "normalized_intensity": 49.31408686686429
            }
        ]
    },
    "2024-03": {
        "total_ads": 3,
        "topics": [
            {
                "topic": "politics",
                "weighted_count": 165.32581293571138,
                "normalized_intensity": 55.1086043119038
            }
        ]
    },
    "2024-04": {
        "total_ads": 3,
        "topics": [
            {
                "topic": "politics",
                "weighted_count": 162.68983065660063,
                "normalized_intensity": 54.22994355220021
            },
            {
                "topic": "voting",
                "weighted_count": 162.5899334873855,
                "normalized_intensity": 54.19664449579517
            },
            {
                "topic": "ontario",
                "weighted_count": 60.00480761904272,
                "normalized_intensity": 20.001602539680906
            }
        ]
    }
}