{
    "2024-04": {
        "total_ads": 1,
        "topics": [
            {
                "topic": "quebec",
                "weighted_count": 83.68031476973505,
                "normalized_intensity": 83.68031476973505
            },
            {
                "topic": "immigration",
                "weighted_count": 64.94112805441378,
                "normalized_intensity": 64.94112805441378
            },
            {
                "topic": "politics",
                "weighted_count": 49.40765104100141,
                "normalized_intensity": 49.40765104100141
            }
        ]
    }
}