{
    "2024-04": {
        "total_ads": 1,
        "topics": [
            {
                "topic": "newfoundland and labrador",
                "weighted_count": 73.20108605471428,
                "normalized_intensity": 73.20108605471428
            }
        ]
    }
}