{
    "2024-04": {
        "total_ads": 1,
        "topics": [
            {
                "topic": "alberta",
                "weighted_count": 67.65539029840501,
                "normalized_intensity": 67.65539029840501
            }
        ]
    }
}