{
    "2024-02": {
        "total_ads": 1,
        "topics": [
            {
                "topic": "politics",
                "weighted_count": 55.37618234499264,
                "normalized_intensity": 55.37618234499264
            },
            {
                "topic": "voting",
                "weighted_count": 53.62409297471588,
                "normalized_intensity": 53.62409297471588
            }
        ]
    },
    "2024-04": {
        "total_ads": 1,
        "topics": [
            {
                "topic": "voting",
                "weighted_count": 80.14501883836039,
                "normalized_intensity": 80.14501883836039
            },
            {
                "topic": "politics",
                "weighted_count": 67.18354834589347,
                "normalized_intensity": 67.18354834589347
            }
        ]
    }
}