{
    "2024-04": {
        "total_ads": 2,
        "topics": [
            {
                "topic": "new brunswick",
                "weighted_count": 73.49056873910291,
                "normalized_intensity": 36.745284369551456
            },
            {
                "topic": "prince edward island",
                "weighted_count": 63.10192934240837,
                "normalized_intensity": 31.550964671204184
            },
            {
                "topic": "politics",
                "weighted_count": 56.7960551525704,
                "normalized_intensity": 28.3980275762852
            },
            {
                "topic": "business",
                "weighted_count": 51.278159450391435,
                "normalized_intensity": 25.639079725195717
            }
        ]
    }
}