{
    "2024-03": {
        "total_ads": 1,
        "topics": [
            {
                "topic": "taxation",
                "weighted_count": 60.05257462864601,
                "normalized_intensity": 60.05257462864601
            }
        ]
    }
}