{
    "2024-03": {
        "total_ads": 1,
        "topics": [
            {
                "topic": "quebec",
                "weighted_count": 62.34927247672473,
                "normalized_intensity": 62.34927247672473
            },
            {
                "topic": "community",
                "weighted_count": 53.57300584881459,
                "normalized_intensity": 53.57300584881459
            }
        ]
    }
}