{
    "2024-03": {
        "total_ads": 1,
        "topics": [
            {
                "topic": "new brunswick",
                "weighted_count": 72.62582824736523,
                "normalized_intensity": 72.62582824736523
            },
            {
                "topic": "politics",
                "weighted_count": 52.554873580681814,
                "normalized_intensity": 52.554873580681814
            }
        ]
    }
}