{
    "2024-03": {
        "total_ads": 1,
        "topics": [
            {
                "topic": "youth",
                "weighted_count": 67.17064549680623,
                "normalized_intensity": 67.17064549680623
            },
            {
                "topic": "education-policy",
                "weighted_count": 53.998159150507774,
                "normalized_intensity": 53.998159150507774
            },
            {
                "topic": "nonprofits",
                "weighted_count": 49.930524050753924,
                "normalized_intensity": 49.930524050753924
            }
        ]
    }
}