{
    "2024-03": {
        "total_ads": 1,
        "topics": [
            {
                "topic": "community",
                "weighted_count": 68.31069295871461,
                "normalized_intensity": 68.31069295871461
            },
            {
                "topic": "social-enterprise",
                "weighted_count": 49.96888803468975,
                "normalized_intensity": 49.96888803468975
            },
            {
                "topic": "nonprofits",
                "weighted_count": 49.86019555012904,
                "normalized_intensity": 49.86019555012904
            }
        ]
    }
}