{
    "2024-03": {
        "total_ads": 8,
        "topics": [
            {
                "topic": "alberta",
                "weighted_count": 555.3965418098472,
                "normalized_intensity": 69.4245677262309
            }
        ]
    }
}