{
    "2024-02": {
        "total_ads": 2,
        "topics": [
            {
                "topic": "family",
                "weighted_count": 120.91852208352931,
                "normalized_intensity": 60.459261041764655
            },
            {
                "topic": "parenting",
                "weighted_count": 115.78717492352561,
                "normalized_intensity": 57.893587461762806
            },
            {
                "topic": "childcare",
                "weighted_count": 111.40465991971385,
                "normalized_intensity": 55.702329959856925
            }
        ]
    },
    "2024-03": {
        "total_ads": 1,
        "topics": [
            {
                "topic": "community",
                "weighted_count": 66.50881618274323,
                "normalized_intensity": 66.50881618274323
            },
            {
                "topic": "nonprofits",
                "weighted_count": 52.715977120316246,
                "normalized_intensity": 52.715977120316246
            }
        ]
    }
}