{
    "2024-03": {
        "total_ads": 1,
        "topics": [
            {
                "topic": "bioethics",
                "weighted_count": 53.78399391510455,
                "normalized_intensity": 53.78399391510455
            }
        ]
    }
}