{
    "2024-03": {
        "total_ads": 2,
        "topics": [
            {
                "topic": "ontario",
                "weighted_count": 144.69115134768936,
                "normalized_intensity": 72.34557567384468
            },
            {
                "topic": "community",
                "weighted_count": 106.35400978280217,
                "normalized_intensity": 53.17700489140108
            },
            {
                "topic": "politics",
                "weighted_count": 104.45724734623634,
                "normalized_intensity": 52.22862367311817
            }
        ]
    }
}