{
    "2024-07": {
        "total_ads": 9,
        "topics": [
            {
                "topic": "bioethics",
                "weighted_count": 472.8133782596312,
                "normalized_intensity": 52.534819806625684
            },
            {
                "topic": "medicine",
                "weighted_count": 305.40900229585804,
                "normalized_intensity": 33.93433358842867
            },
            {
                "topic": "disability",
                "weighted_count": 148.6046582236452,
                "normalized_intensity": 16.511628691516133
            }
        ]
    }
}