{
    "2024-03": {
        "total_ads": 1,
        "topics": [
            {
                "topic": "community",
                "weighted_count": 54.23271285573129,
                "normalized_intensity": 54.23271285573129
            }
        ]
    }
}