{
    "2024-08": {
        "total_ads": 1,
        "topics": [
            {
                "topic": "northwest territories",
                "weighted_count": 80.32310219983746,
                "normalized_intensity": 80.32310219983746
            },
            {
                "topic": "politics",
                "weighted_count": 52.05837271682208,
                "normalized_intensity": 52.05837271682208
            },
            {
                "topic": "weather",
                "weighted_count": 51.05426915544105,
                "normalized_intensity": 51.05426915544105
            }
        ]
    }
}