{
    "2024-03": {
        "total_ads": 3,
        "topics": [
            {
                "topic": "politics",
                "weighted_count": 150.26095622886567,
                "normalized_intensity": 50.08698540962189
            }
        ]
    }
}