{
    "2024-03": {
        "total_ads": 1,
        "topics": [
            {
                "topic": "education",
                "weighted_count": 58.4975523314495,
                "normalized_intensity": 58.4975523314495
            },
            {
                "topic": "education-policy",
                "weighted_count": 58.17250342023661,
                "normalized_intensity": 58.17250342023661
            },
            {
                "topic": "climate-change",
                "weighted_count": 55.849637589112575,
                "normalized_intensity": 55.849637589112575
            },
            {
                "topic": "social-enterprise",
                "weighted_count": 50.12366268915083,
                "normalized_intensity": 50.12366268915083
            }
        ]
    }
}