{
    "2024-03": {
        "total_ads": 2,
        "topics": [
            {
                "topic": "lgbtq",
                "weighted_count": 99.86469527396373,
                "normalized_intensity": 49.932347636981866
            }
        ]
    }
}