{
    "2024-02": {
        "total_ads": 1,
        "topics": [
            {
                "topic": "literature",
                "weighted_count": 61.42269752653399,
                "normalized_intensity": 61.42269752653399
            }
        ]
    }
}