{
    "2024-03": {
        "total_ads": 1,
        "topics": [
            {
                "topic": "quebec",
                "weighted_count": 70.30887573604797,
                "normalized_intensity": 70.30887573604797
            },
            {
                "topic": "politics",
                "weighted_count": 54.98756310881944,
                "normalized_intensity": 54.98756310881944
            }
        ]
    }
}