{
    "2024-03": {
        "total_ads": 1,
        "topics": [
            {
                "topic": "community",
                "weighted_count": 55.62520943420544,
                "normalized_intensity": 55.62520943420544
            }
        ]
    }
}