{
    "2024-01": {
        "total_ads": 7,
        "topics": [
            {
                "topic": "community",
                "weighted_count": 108.11464413062558,
                "normalized_intensity": 15.44494916151794
            }
        ]
    },
    "2024-02": {
        "total_ads": 3,
        "topics": [
            {
                "topic": "politics",
                "weighted_count": 154.85309342458203,
                "normalized_intensity": 51.61769780819401
            },
            {
                "topic": "community",
                "weighted_count": 101.53419377803964,
                "normalized_intensity": 33.844731259346545
            }
        ]
    },
    "2024-03": {
        "total_ads": 1,
        "topics": [
            {
                "topic": "community",
                "weighted_count": 54.86929464400788,
                "normalized_intensity": 54.86929464400788
            },
            {
                "topic": "politics",
                "weighted_count": 53.239087468319546,
                "normalized_intensity": 53.239087468319546
            }
        ]
    }
}