{
    "2024-03": {
        "total_ads": 1,
        "topics": [
            {
                "topic": "sports",
                "weighted_count": 52.07512116142312,
                "normalized_intensity": 52.07512116142312
            }
        ]
    }
}