{
    "2024-07": {
        "total_ads": 2,
        "topics": [
            {
                "topic": "community",
                "weighted_count": 104.75473643510762,
                "normalized_intensity": 52.37736821755381
            },
            {
                "topic": "nonprofits",
                "weighted_count": 99.319636047214,
                "normalized_intensity": 49.659818023607
            }
        ]
    }
}