{
    "2024-07": {
        "total_ads": 1,
        "topics": [
            {
                "topic": "new brunswick",
                "weighted_count": 60.15489463299828,
                "normalized_intensity": 60.15489463299828
            }
        ]
    },
    "2024-08": {
        "total_ads": 3,
        "topics": [
            {
                "topic": "workplace-culture",
                "weighted_count": 52.1326378375692,
                "normalized_intensity": 17.3775459458564
            },
            {
                "topic": "politics",
                "weighted_count": 50.60263460413712,
                "normalized_intensity": 16.86754486804571
            },
            {
                "topic": "intellectual-property",
                "weighted_count": 49.014954515356976,
                "normalized_intensity": 16.33831817178566
            }
        ]
    }
}