{
    "2024-08": {
        "total_ads": 2,
        "topics": [
            {
                "topic": "housing",
                "weighted_count": 114.38230857217522,
                "normalized_intensity": 57.19115428608761
            },
            {
                "topic": "infrastructure",
                "weighted_count": 58.73328779711904,
                "normalized_intensity": 29.36664389855952
            },
            {
                "topic": "transportation",
                "weighted_count": 55.916921362727834,
                "normalized_intensity": 27.958460681363917
            }
        ]
    }
}