{
    "2024-08": {
        "total_ads": 1,
        "topics": [
            {
                "topic": "voting",
                "weighted_count": 67.43266202436527,
                "normalized_intensity": 67.43266202436527
            },
            {
                "topic": "northwest territories",
                "weighted_count": 61.38490810095549,
                "normalized_intensity": 61.38490810095549
            },
            {
                "topic": "politics",
                "weighted_count": 57.00217141397369,
                "normalized_intensity": 57.00217141397369
            }
        ]
    }
}