{
    "2024-08": {
        "total_ads": 1,
        "topics": [
            {
                "topic": "community",
                "weighted_count": 53.821761518114144,
                "normalized_intensity": 53.821761518114144
            },
            {
                "topic": "rural",
                "weighted_count": 52.458765494824476,
                "normalized_intensity": 52.458765494824476
            }
        ]
    }
}