{
    "2024-08": {
        "total_ads": 1,
        "topics": [
            {
                "topic": "saskatchewan",
                "weighted_count": 72.82250872605697,
                "normalized_intensity": 72.82250872605697
            }
        ]
    }
}