{
    "2024-08": {
        "total_ads": 1,
        "topics": [
            {
                "topic": "transportation",
                "weighted_count": 87.0428811573039,
                "normalized_intensity": 87.0428811573039
            },
            {
                "topic": "infrastructure",
                "weighted_count": 66.39560569189995,
                "normalized_intensity": 66.39560569189995
            },
            {
                "topic": "technology",
                "weighted_count": 55.12552966870379,
                "normalized_intensity": 55.12552966870379
            },
            {
                "topic": "urban-planning",
                "weighted_count": 51.39582497455275,
                "normalized_intensity": 51.39582497455275
            }
        ]
    }
}