{
    "2024-08": {
        "total_ads": 1,
        "topics": [
            {
                "topic": "saskatchewan",
                "weighted_count": 71.73233144631136,
                "normalized_intensity": 71.73233144631136
            }
        ]
    }
}