{
    "2024-08": {
        "total_ads": 1,
        "topics": [
            {
                "topic": "british columbia",
                "weighted_count": 70.85670069338501,
                "normalized_intensity": 70.85670069338501
            },
            {
                "topic": "politics",
                "weighted_count": 53.37965795187931,
                "normalized_intensity": 53.37965795187931
            }
        ]
    }
}