{
    "2024-08": {
        "total_ads": 1,
        "topics": [
            {
                "topic": "transportation",
                "weighted_count": 69.32565440107541,
                "normalized_intensity": 69.32565440107541
            },
            {
                "topic": "infrastructure",
                "weighted_count": 64.70561598511384,
                "normalized_intensity": 64.70561598511384
            },
            {
                "topic": "quebec",
                "weighted_count": 61.17820014755346,
                "normalized_intensity": 61.17820014755346
            },
            {
                "topic": "community",
                "weighted_count": 61.03425208206752,
                "normalized_intensity": 61.03425208206752
            }
        ]
    }
}