{
    "2024-08": {
        "total_ads": 2,
        "topics": [
            {
                "topic": "british columbia",
                "weighted_count": 131.59641867546267,
                "normalized_intensity": 65.79820933773134
            },
            {
                "topic": "sustainability",
                "weighted_count": 99.91753959821641,
                "normalized_intensity": 49.958769799108204
            }
        ]
    }
}