{
    "2024-08": {
        "total_ads": 3,
        "topics": [
            {
                "topic": "voting",
                "weighted_count": 170.34551498131947,
                "normalized_intensity": 56.78183832710649
            },
            {
                "topic": "politics",
                "weighted_count": 161.453922998837,
                "normalized_intensity": 53.81797433294566
            },
            {
                "topic": "entertainment",
                "weighted_count": 148.6732750392508,
                "normalized_intensity": 49.55775834641693
            }
        ]
    }
}