{
    "2024-08": {
        "total_ads": 1,
        "topics": [
            {
                "topic": "british columbia",
                "weighted_count": 72.46382910897947,
                "normalized_intensity": 72.46382910897947
            },
            {
                "topic": "politics",
                "weighted_count": 53.221087589327134,
                "normalized_intensity": 53.221087589327134
            },
            {
                "topic": "community",
                "weighted_count": 51.62319641092679,
                "normalized_intensity": 51.62319641092679
            }
        ]
    }
}