{
    "2024-08": {
        "total_ads": 2,
        "topics": [
            {
                "topic": "intellectual-property",
                "weighted_count": 174.9849633856209,
                "normalized_intensity": 87.49248169281044
            }
        ]
    }
}