{
    "2024-08": {
        "total_ads": 1,
        "topics": [
            {
                "topic": "politics",
                "weighted_count": 50.34663632513395,
                "normalized_intensity": 50.34663632513395
            }
        ]
    }
}