{
    "2024-08": {
        "total_ads": 1,
        "topics": [
            {
                "topic": "rural",
                "weighted_count": 73.66749194675174,
                "normalized_intensity": 73.66749194675174
            },
            {
                "topic": "agriculture",
                "weighted_count": 56.624676793491076,
                "normalized_intensity": 56.624676793491076
            },
            {
                "topic": "housing",
                "weighted_count": 54.5327186444605,
                "normalized_intensity": 54.5327186444605
            },
            {
                "topic": "indigenous-rights",
                "weighted_count": 49.10151212755947,
                "normalized_intensity": 49.10151212755947
            }
        ]
    }
}