{
    "2024-02": {
        "total_ads": 2,
        "topics": [
            {
                "topic": "voting",
                "weighted_count": 76.0938708059104,
                "normalized_intensity": 38.0469354029552
            },
            {
                "topic": "politics",
                "weighted_count": 56.031606510208334,
                "normalized_intensity": 28.015803255104167
            }
        ]
    }
}