{
    "2024-02": {
        "total_ads": 1,
        "topics": [
            {
                "topic": "british columbia",
                "weighted_count": 68.30574109595817,
                "normalized_intensity": 68.30574109595817
            }
        ]
    }
}