{
    "2024-02": {
        "total_ads": 2,
        "topics": [
            {
                "topic": "nonprofits",
                "weighted_count": 108.03729534923438,
                "normalized_intensity": 54.01864767461719
            },
            {
                "topic": "social-enterprise",
                "weighted_count": 100.11005431629015,
                "normalized_intensity": 50.05502715814507
            },
            {
                "topic": "lifestyle",
                "weighted_count": 98.43367068623505,
                "normalized_intensity": 49.21683534311752
            }
        ]
    }
}