{
    "2024-02": {
        "total_ads": 18,
        "topics": [
            {
                "topic": "nova scotia",
                "weighted_count": 1356.1742976446722,
                "normalized_intensity": 75.34301653581512
            },
            {
                "topic": "conservation",
                "weighted_count": 1006.1681312031529,
                "normalized_intensity": 55.898229511286274
            }
        ]
    }
}