{
    "2024-02": {
        "total_ads": 2,
        "topics": [
            {
                "topic": "travel",
                "weighted_count": 56.625953030323664,
                "normalized_intensity": 28.312976515161832
            },
            {
                "topic": "housing",
                "weighted_count": 54.07508649429492,
                "normalized_intensity": 27.03754324714746
            },
            {
                "topic": "infrastructure",
                "weighted_count": 50.47114760773152,
                "normalized_intensity": 25.23557380386576
            }
        ]
    }
}