{
    "2023-10": {
        "total_ads": 6,
        "topics": [
            {
                "topic": "quebec",
                "weighted_count": 464.41904442208295,
                "normalized_intensity": 77.40317407034716
            },
            {
                "topic": "literature",
                "weighted_count": 374.8045842646757,
                "normalized_intensity": 62.46743071077929
            }
        ]
    },
    "2023-11": {
        "total_ads": 4,
        "topics": [
            {
                "topic": "quebec",
                "weighted_count": 293.8051293812888,
                "normalized_intensity": 73.4512823453222
            },
            {
                "topic": "literature",
                "weighted_count": 279.71437062493374,
                "normalized_intensity": 69.92859265623343
            }
        ]
    },
    "2023-12": {
        "total_ads": 2,
        "topics": [
            {
                "topic": "literature",
                "weighted_count": 137.36681093890851,
                "normalized_intensity": 68.68340546945426
            }
        ]
    },
    "2024-02": {
        "total_ads": 3,
        "topics": [
            {
                "topic": "literature",
                "weighted_count": 150.3992142390605,
                "normalized_intensity": 50.13307141302017
            },
            {
                "topic": "quebec",
                "weighted_count": 146.32408628204576,
                "normalized_intensity": 48.77469542734858
            }
        ]
    }
}