{
    "2023-09": {
        "total_ads": 1,
        "topics": [
            {
                "topic": "food",
                "weighted_count": 58.274777151981326,
                "normalized_intensity": 58.274777151981326
            }
        ]
    },
    "2024-02": {
        "total_ads": 1,
        "topics": [
            {
                "topic": "travel",
                "weighted_count": 54.77611190177548,
                "normalized_intensity": 54.77611190177548
            },
            {
                "topic": "entertainment",
                "weighted_count": 54.17405140991679,
                "normalized_intensity": 54.17405140991679
            },
            {
                "topic": "sports",
                "weighted_count": 53.50170626134246,
                "normalized_intensity": 53.50170626134246
            },
            {
                "topic": "weather",
                "weighted_count": 52.577991301221736,
                "normalized_intensity": 52.577991301221736
            }
        ]
    }
}