{
    "2024-02": {
        "total_ads": 1,
        "topics": [
            {
                "topic": "quebec",
                "weighted_count": 71.95643417233568,
                "normalized_intensity": 71.95643417233568
            },
            {
                "topic": "travel",
                "weighted_count": 50.582763782305406,
                "normalized_intensity": 50.582763782305406
            }
        ]
    }
}