{
    "2024-02": {
        "total_ads": 2,
        "topics": [
            {
                "topic": "community",
                "weighted_count": 110.36321568194231,
                "normalized_intensity": 55.181607840971154
            },
            {
                "topic": "nonprofits",
                "weighted_count": 105.1305563638488,
                "normalized_intensity": 52.5652781819244
            }
        ]
    }
}