{
    "2024-01": {
        "total_ads": 3,
        "topics": [
            {
                "topic": "education-policy",
                "weighted_count": 162.2421701184203,
                "normalized_intensity": 54.080723372806766
            }
        ]
    },
    "2024-02": {
        "total_ads": 1,
        "topics": [
            {
                "topic": "voting",
                "weighted_count": 58.51211774229681,
                "normalized_intensity": 58.51211774229681
            },
            {
                "topic": "education-policy",
                "weighted_count": 50.62374695844968,
                "normalized_intensity": 50.62374695844968
            }
        ]
    }
}