{
    "2024-01": {
        "total_ads": 1,
        "topics": [
            {
                "topic": "human-trafficking",
                "weighted_count": 78.44096991808914,
                "normalized_intensity": 78.44096991808914
            },
            {
                "topic": "transportation",
                "weighted_count": 50.81192464565616,
                "normalized_intensity": 50.81192464565616
            },
            {
                "topic": "human-rights",
                "weighted_count": 49.17082370412756,
                "normalized_intensity": 49.17082370412756
            }
        ]
    }
}