{
    "2024-01": {
        "total_ads": 2,
        "topics": [
            {
                "topic": "disability",
                "weighted_count": 131.15121720138342,
                "normalized_intensity": 65.57560860069171
            },
            {
                "topic": "taxation",
                "weighted_count": 126.85595245761448,
                "normalized_intensity": 63.42797622880724
            }
        ]
    }
}