{
    "2024-01": {
        "total_ads": 2,
        "topics": [
            {
                "topic": "weather",
                "weighted_count": 105.72313145760693,
                "normalized_intensity": 52.86156572880346
            }
        ]
    }
}