{
    "2024-01": {
        "total_ads": 12,
        "topics": [
            {
                "topic": "entertainment",
                "weighted_count": 310.88587524121095,
                "normalized_intensity": 25.907156270100913
            }
        ]
    }
}