{
    "2024-01": {
        "total_ads": 8,
        "topics": [
            {
                "topic": "new brunswick",
                "weighted_count": 553.284328554473,
                "normalized_intensity": 69.16054106930912
            },
            {
                "topic": "politics",
                "weighted_count": 438.3778932578605,
                "normalized_intensity": 54.79723665723256
            },
            {
                "topic": "voting",
                "weighted_count": 407.0034879584185,
                "normalized_intensity": 50.87543599480231
            },
            {
                "topic": "community",
                "weighted_count": 149.88168578425055,
                "normalized_intensity": 18.73521072303132
            }
        ]
    }
}