{
    "2024-01": {
        "total_ads": 1,
        "topics": [
            {
                "topic": "saskatchewan",
                "weighted_count": 63.61679791842513,
                "normalized_intensity": 63.61679791842513
            },
            {
                "topic": "voting",
                "weighted_count": 56.84607183563632,
                "normalized_intensity": 56.84607183563632
            },
            {
                "topic": "politics",
                "weighted_count": 52.11601938810495,
                "normalized_intensity": 52.11601938810495
            },
            {
                "topic": "community",
                "weighted_count": 51.861788767575604,
                "normalized_intensity": 51.861788767575604
            }
        ]
    }
}