{
    "2023-12": {
        "total_ads": 1,
        "topics": [
            {
                "topic": "childcare",
                "weighted_count": 75.29515108467484,
                "normalized_intensity": 75.29515108467484
            },
            {
                "topic": "parenting",
                "weighted_count": 59.512529897401414,
                "normalized_intensity": 59.512529897401414
            }
        ]
    },
    "2024-01": {
        "total_ads": 1,
        "topics": [
            {
                "topic": "childcare",
                "weighted_count": 75.29515108467484,
                "normalized_intensity": 75.29515108467484
            },
            {
                "topic": "parenting",
                "weighted_count": 59.512529897401414,
                "normalized_intensity": 59.512529897401414
            }
        ]
    }
}