{
    "2023-12": {
        "total_ads": 1,
        "topics": [
            {
                "topic": "politics",
                "weighted_count": 58.358179104678285,
                "normalized_intensity": 58.358179104678285
            }
        ]
    }
}