{
    "2023-12": {
        "total_ads": 1,
        "topics": [
            {
                "topic": "culture",
                "weighted_count": 51.232378674980616,
                "normalized_intensity": 51.232378674980616
            }
        ]
    }
}