{
    "2023-12": {
        "total_ads": 1,
        "topics": [
            {
                "topic": "nonprofits",
                "weighted_count": 64.93056458188504,
                "normalized_intensity": 64.93056458188504
            }
        ]
    }
}