{
    "2023-12": {
        "total_ads": 2,
        "topics": [
            {
                "topic": "manitoba",
                "weighted_count": 146.74980426802736,
                "normalized_intensity": 73.37490213401368
            },
            {
                "topic": "outrage",
                "weighted_count": 118.10564379579799,
                "normalized_intensity": 59.052821897898994
            }
        ]
    }
}