{
    "2023-12": {
        "total_ads": 1,
        "topics": [
            {
                "topic": "business",
                "weighted_count": 53.95474456177044,
                "normalized_intensity": 53.95474456177044
            },
            {
                "topic": "nonprofits",
                "weighted_count": 50.10188687789257,
                "normalized_intensity": 50.10188687789257
            }
        ]
    }
}