{
    "2023-12": {
        "total_ads": 1,
        "topics": [
            {
                "topic": "urban-planning",
                "weighted_count": 56.43712111340893,
                "normalized_intensity": 56.43712111340893
            }
        ]
    }
}