{
    "2023-12": {
        "total_ads": 3,
        "topics": [
            {
                "topic": "saskatchewan",
                "weighted_count": 253.37195343045656,
                "normalized_intensity": 84.45731781015219
            },
            {
                "topic": "politics",
                "weighted_count": 149.222341362411,
                "normalized_intensity": 49.740780454136996
            }
        ]
    }
}