{
    "2023-12": {
        "total_ads": 1,
        "topics": [
            {
                "topic": "quebec",
                "weighted_count": 62.048952080361154,
                "normalized_intensity": 62.048952080361154
            },
            {
                "topic": "sports",
                "weighted_count": 54.306715398924844,
                "normalized_intensity": 54.306715398924844
            }
        ]
    }
}