{
    "2023-12": {
        "total_ads": 1,
        "topics": [
            {
                "topic": "voting",
                "weighted_count": 67.04939942184124,
                "normalized_intensity": 67.04939942184124
            },
            {
                "topic": "quebec",
                "weighted_count": 62.40635272222542,
                "normalized_intensity": 62.40635272222542
            },
            {
                "topic": "politics",
                "weighted_count": 53.43256515922582,
                "normalized_intensity": 53.43256515922582
            }
        ]
    }
}