{
    "2023-11": {
        "total_ads": 1,
        "topics": [
            {
                "topic": "business",
                "weighted_count": 54.22762434215941,
                "normalized_intensity": 54.22762434215941
            },
            {
                "topic": "community",
                "weighted_count": 49.66042506704963,
                "normalized_intensity": 49.66042506704963
            }
        ]
    }
}