{
    "2023-11": {
        "total_ads": 1,
        "topics": [
            {
                "topic": "health",
                "weighted_count": 68.74550977228292,
                "normalized_intensity": 68.74550977228292
            },
            {
                "topic": "ontario",
                "weighted_count": 67.89173760395951,
                "normalized_intensity": 67.89173760395951
            },
            {
                "topic": "healthcare-policy",
                "weighted_count": 60.12142097950265,
                "normalized_intensity": 60.12142097950265
            }
        ]
    }
}