{
    "2023-09": {
        "total_ads": 1,
        "topics": [
            {
                "topic": "alberta",
                "weighted_count": 62.42999877079763,
                "normalized_intensity": 62.42999877079763
            },
            {
                "topic": "campaign-finance",
                "weighted_count": 49.75979500684603,
                "normalized_intensity": 49.75979500684603
            }
        ]
    }
}