{
    "2023-10": {
        "total_ads": 1,
        "topics": [
            {
                "topic": "housing",
                "weighted_count": 69.30608060744615,
                "normalized_intensity": 69.30608060744615
            }
        ]
    }
}