{
    "2023-10": {
        "total_ads": 2,
        "topics": [
            {
                "topic": "business",
                "weighted_count": 114.72010607755135,
                "normalized_intensity": 57.360053038775675
            },
            {
                "topic": "economy",
                "weighted_count": 101.05609082708484,
                "normalized_intensity": 50.52804541354242
            }
        ]
    },
    "2023-11": {
        "total_ads": 1,
        "topics": [
            {
                "topic": "business",
                "weighted_count": 59.025866388763816,
                "normalized_intensity": 59.025866388763816
            },
            {
                "topic": "economy",
                "weighted_count": 51.05083093344448,
                "normalized_intensity": 51.05083093344448
            }
        ]
    }
}