{
    "2023-11": {
        "total_ads": 4,
        "topics": [
            {
                "topic": "alberta",
                "weighted_count": 258.6615349774709,
                "normalized_intensity": 64.66538374436773
            },
            {
                "topic": "law",
                "weighted_count": 255.5861278987607,
                "normalized_intensity": 63.89653197469018
            }
        ]
    }
}