{
    "2023-11": {
        "total_ads": 1,
        "topics": [
            {
                "topic": "art",
                "weighted_count": 63.009282106752906,
                "normalized_intensity": 63.009282106752906
            },
            {
                "topic": "foreign-policy",
                "weighted_count": 51.23928159501975,
                "normalized_intensity": 51.23928159501975
            }
        ]
    }
}