{
    "2023-11": {
        "total_ads": 1,
        "topics": [
            {
                "topic": "community",
                "weighted_count": 56.70770042776745,
                "normalized_intensity": 56.70770042776745
            },
            {
                "topic": "entertainment",
                "weighted_count": 52.783565495251864,
                "normalized_intensity": 52.783565495251864
            }
        ]
    }
}