{
    "2023-09": {
        "total_ads": 2,
        "topics": [
            {
                "topic": "energy-policy",
                "weighted_count": 50.020135503937034,
                "normalized_intensity": 25.010067751968517
            }
        ]
    },
    "2023-10": {
        "total_ads": 1,
        "topics": [
            {
                "topic": "energy-policy",
                "weighted_count": 51.08953981164483,
                "normalized_intensity": 51.08953981164483
            }
        ]
    }
}