{
    "2023-10": {
        "total_ads": 1,
        "topics": [
            {
                "topic": "violence",
                "weighted_count": 55.06875822109165,
                "normalized_intensity": 55.06875822109165
            }
        ]
    }
}