{
    "2023-11": {
        "total_ads": 1,
        "topics": [
            {
                "topic": "ontario",
                "weighted_count": 62.11464822667813,
                "normalized_intensity": 62.11464822667813
            }
        ]
    }
}