{
    "2023-11": {
        "total_ads": 1,
        "topics": [
            {
                "topic": "alberta",
                "weighted_count": 69.43990712602132,
                "normalized_intensity": 69.43990712602132
            },
            {
                "topic": "community",
                "weighted_count": 53.140132196711654,
                "normalized_intensity": 53.140132196711654
            }
        ]
    }
}