{
    "2023-10": {
        "total_ads": 1,
        "topics": [
            {
                "topic": "theater",
                "weighted_count": 62.66035048582906,
                "normalized_intensity": 62.66035048582906
            },
            {
                "topic": "womens-rights",
                "weighted_count": 57.67111684874296,
                "normalized_intensity": 57.67111684874296
            },
            {
                "topic": "community",
                "weighted_count": 52.4441416726505,
                "normalized_intensity": 52.4441416726505
            },
            {
                "topic": "scientific-research",
                "weighted_count": 50.42085717436525,
                "normalized_intensity": 50.42085717436525
            }
        ]
    }
}