{
    "2023-09": {
        "total_ads": 1,
        "topics": [
            {
                "topic": "politics",
                "weighted_count": 62.794989613515206,
                "normalized_intensity": 62.794989613515206
            },
            {
                "topic": "saskatchewan",
                "weighted_count": 60.41912518753567,
                "normalized_intensity": 60.41912518753567
            },
            {
                "topic": "public-policy",
                "weighted_count": 49.4316359269795,
                "normalized_intensity": 49.4316359269795
            }
        ]
    },
    "2023-10": {
        "total_ads": 2,
        "topics": [
            {
                "topic": "politics",
                "weighted_count": 104.02037633360447,
                "normalized_intensity": 52.01018816680224
            },
            {
                "topic": "health",
                "weighted_count": 100.31939841743558,
                "normalized_intensity": 50.15969920871779
            }
        ]
    }
}