{
    "2023-10": {
        "total_ads": 1,
        "topics": [
            {
                "topic": "housing",
                "weighted_count": 60.05683610124619,
                "normalized_intensity": 60.05683610124619
            },
            {
                "topic": "cost-of-living",
                "weighted_count": 49.96700339044731,
                "normalized_intensity": 49.96700339044731
            }
        ]
    }
}