{
    "2023-10": {
        "total_ads": 1,
        "topics": [
            {
                "topic": "community",
                "weighted_count": 53.69302622453802,
                "normalized_intensity": 53.69302622453802
            }
        ]
    }
}