{
    "2023-09": {
        "total_ads": 2,
        "topics": [
            {
                "topic": "nonprofits",
                "weighted_count": 58.046757271913854,
                "normalized_intensity": 29.023378635956927
            },
            {
                "topic": "violence",
                "weighted_count": 50.930048272362086,
                "normalized_intensity": 25.465024136181043
            },
            {
                "topic": "community",
                "weighted_count": 50.84715138794272,
                "normalized_intensity": 25.42357569397136
            }
        ]
    },
    "2023-10": {
        "total_ads": 1,
        "topics": [
            {
                "topic": "violence",
                "weighted_count": 61.45674168135664,
                "normalized_intensity": 61.45674168135664
            }
        ]
    }
}