{
    "2023-10": {
        "total_ads": 5,
        "topics": [
            {
                "topic": "violence",
                "weighted_count": 312.1639372213268,
                "normalized_intensity": 62.432787444265365
            }
        ]
    }
}