{
    "2023-10": {
        "total_ads": 1,
        "topics": [
            {
                "topic": "politics",
                "weighted_count": 52.958652378807535,
                "normalized_intensity": 52.958652378807535
            },
            {
                "topic": "voting",
                "weighted_count": 51.12051850632906,
                "normalized_intensity": 51.12051850632906
            }
        ]
    }
}