{
    "2023-10": {
        "total_ads": 1,
        "topics": [
            {
                "topic": "military",
                "weighted_count": 52.647196213968094,
                "normalized_intensity": 52.647196213968094
            },
            {
                "topic": "heritage",
                "weighted_count": 50.35783594883314,
                "normalized_intensity": 50.35783594883314
            },
            {
                "topic": "nonprofits",
                "weighted_count": 49.260306857000856,
                "normalized_intensity": 49.260306857000856
            },
            {
                "topic": "culture",
                "weighted_count": 49.16376539690921,
                "normalized_intensity": 49.16376539690921
            }
        ]
    }
}