{
    "2023-10": {
        "total_ads": 1,
        "topics": [
            {
                "topic": "social-enterprise",
                "weighted_count": 59.73595390327431,
                "normalized_intensity": 59.73595390327431
            },
            {
                "topic": "community",
                "weighted_count": 56.78782857388348,
                "normalized_intensity": 56.78782857388348
            },
            {
                "topic": "nonprofits",
                "weighted_count": 56.0895508787289,
                "normalized_intensity": 56.0895508787289
            }
        ]
    }
}