{
    "2023-10": {
        "total_ads": 1,
        "topics": [
            {
                "topic": "entertainment",
                "weighted_count": 64.67377302310784,
                "normalized_intensity": 64.67377302310784
            },
            {
                "topic": "film",
                "weighted_count": 62.1203606451359,
                "normalized_intensity": 62.1203606451359
            },
            {
                "topic": "lgbtq",
                "weighted_count": 51.66969445434035,
                "normalized_intensity": 51.66969445434035
            }
        ]
    }
}