{
    "2023-09": {
        "total_ads": 1,
        "topics": [
            {
                "topic": "labor",
                "weighted_count": 64.99230175724328,
                "normalized_intensity": 64.99230175724328
            },
            {
                "topic": "labour-rights",
                "weighted_count": 58.02700460972488,
                "normalized_intensity": 58.02700460972488
            },
            {
                "topic": "economic-inequality",
                "weighted_count": 49.352221078859415,
                "normalized_intensity": 49.352221078859415
            }
        ]
    },
    "2023-10": {
        "total_ads": 1,
        "topics": [
            {
                "topic": "labor",
                "weighted_count": 64.25487044778825,
                "normalized_intensity": 64.25487044778825
            },
            {
                "topic": "labour-rights",
                "weighted_count": 60.09054065349424,
                "normalized_intensity": 60.09054065349424
            }
        ]
    }
}