{
    "2023-10": {
        "total_ads": 1,
        "topics": [
            {
                "topic": "joy",
                "weighted_count": 59.949261794610166,
                "normalized_intensity": 59.949261794610166
            }
        ]
    }
}