{
    "2023-09": {
        "total_ads": 4,
        "topics": [
            {
                "topic": "northwest territories",
                "weighted_count": 296.57411358541253,
                "normalized_intensity": 74.14352839635313
            },
            {
                "topic": "community",
                "weighted_count": 160.48179993739987,
                "normalized_intensity": 40.12044998434997
            }
        ]
    }
}