{
    "2023-09": {
        "total_ads": 1,
        "topics": [
            {
                "topic": "politics",
                "weighted_count": 52.4840001075623,
                "normalized_intensity": 52.4840001075623
            },
            {
                "topic": "voting",
                "weighted_count": 51.51639452525125,
                "normalized_intensity": 51.51639452525125
            },
            {
                "topic": "sports",
                "weighted_count": 50.6973902374113,
                "normalized_intensity": 50.6973902374113
            }
        ]
    }
}