{
    "2023-09": {
        "total_ads": 1,
        "topics": [
            {
                "topic": "humanitarian-aid",
                "weighted_count": 68.50393690135023,
                "normalized_intensity": 68.50393690135023
            },
            {
                "topic": "nonprofits",
                "weighted_count": 49.1703696746636,
                "normalized_intensity": 49.1703696746636
            }
        ]
    }
}