{
    "2023-09": {
        "total_ads": 1,
        "topics": [
            {
                "topic": "community",
                "weighted_count": 50.41938394122955,
                "normalized_intensity": 50.41938394122955
            },
            {
                "topic": "indigenous-rights",
                "weighted_count": 49.080506211086416,
                "normalized_intensity": 49.080506211086416
            }
        ]
    }
}