{
    "2023-09": {
        "total_ads": 1,
        "topics": [
            {
                "topic": "disability",
                "weighted_count": 62.47368538824457,
                "normalized_intensity": 62.47368538824457
            },
            {
                "topic": "community",
                "weighted_count": 51.09458140776609,
                "normalized_intensity": 51.09458140776609
            },
            {
                "topic": "joy",
                "weighted_count": 49.710430639073536,
                "normalized_intensity": 49.710430639073536
            }
        ]
    }
}