{
    "2023-09": {
        "total_ads": 1,
        "topics": [
            {
                "topic": "british columbia",
                "weighted_count": 62.43747089957892,
                "normalized_intensity": 62.43747089957892
            },
            {
                "topic": "conservation",
                "weighted_count": 51.43269375576701,
                "normalized_intensity": 51.43269375576701
            }
        ]
    }
}