{
    "2023-09": {
        "total_ads": 4,
        "topics": [
            {
                "topic": "privacy",
                "weighted_count": 226.78222429367375,
                "normalized_intensity": 56.69555607341844
            },
            {
                "topic": "digital-rights",
                "weighted_count": 207.1457586267971,
                "normalized_intensity": 51.78643965669927
            }
        ]
    }
}