{
    "2024-07": {
        "total_ads": 1,
        "topics": [
            {
                "topic": "alberta",
                "weighted_count": 70.98256121689188,
                "normalized_intensity": 70.98256121689188
            },
            {
                "topic": "finance",
                "weighted_count": 52.21895276059768,
                "normalized_intensity": 52.21895276059768
            }
        ]
    },
    "2024-08": {
        "total_ads": 1,
        "topics": [
            {
                "topic": "alberta",
                "weighted_count": 76.87711451767954,
                "normalized_intensity": 76.87711451767954
            }
        ]
    }
}