{
    "2023-09": {
        "total_ads": 1,
        "topics": [
            {
                "topic": "entertainment",
                "weighted_count": 52.69745578664158,
                "normalized_intensity": 52.69745578664158
            },
            {
                "topic": "joy",
                "weighted_count": 51.50124327590818,
                "normalized_intensity": 51.50124327590818
            },
            {
                "topic": "community",
                "weighted_count": 51.27344589079349,
                "normalized_intensity": 51.27344589079349
            }
        ]
    }
}