{
    "2023-09": {
        "total_ads": 1,
        "topics": [
            {
                "topic": "quebec",
                "weighted_count": 66.87374740930126,
                "normalized_intensity": 66.87374740930126
            },
            {
                "topic": "politics",
                "weighted_count": 49.22074473448918,
                "normalized_intensity": 49.22074473448918
            }
        ]
    }
}