{
    "2023-09": {
        "total_ads": 1,
        "topics": [
            {
                "topic": "politics",
                "weighted_count": 57.39038729151401,
                "normalized_intensity": 57.39038729151401
            },
            {
                "topic": "outrage",
                "weighted_count": 57.3142375346835,
                "normalized_intensity": 57.3142375346835
            }
        ]
    }
}