{
    "2023-09": {
        "total_ads": 1,
        "topics": [
            {
                "topic": "northwest territories",
                "weighted_count": 63.495958332375245,
                "normalized_intensity": 63.495958332375245
            },
            {
                "topic": "indigenous-rights",
                "weighted_count": 58.76982091420003,
                "normalized_intensity": 58.76982091420003
            },
            {
                "topic": "scientific-research",
                "weighted_count": 57.13095892509742,
                "normalized_intensity": 57.13095892509742
            }
        ]
    }
}