{
    "2023-09": {
        "total_ads": 1,
        "topics": [
            {
                "topic": "northwest territories",
                "weighted_count": 85.78235477875158,
                "normalized_intensity": 85.78235477875158
            },
            {
                "topic": "indigenous-rights",
                "weighted_count": 61.480446260499235,
                "normalized_intensity": 61.480446260499235
            },
            {
                "topic": "community",
                "weighted_count": 55.193145901226835,
                "normalized_intensity": 55.193145901226835
            },
            {
                "topic": "politics",
                "weighted_count": 55.1110748835302,
                "normalized_intensity": 55.1110748835302
            }
        ]
    }
}