{
    "2023-09": {
        "total_ads": 1,
        "topics": [
            {
                "topic": "politics",
                "weighted_count": 62.91898877990736,
                "normalized_intensity": 62.91898877990736
            },
            {
                "topic": "british columbia",
                "weighted_count": 60.208620084531574,
                "normalized_intensity": 60.208620084531574
            },
            {
                "topic": "voting",
                "weighted_count": 52.33032010289255,
                "normalized_intensity": 52.33032010289255
            }
        ]
    }
}