{
    "2023-08": {
        "total_ads": 8,
        "topics": [
            {
                "topic": "voting",
                "weighted_count": 498.5977723311504,
                "normalized_intensity": 62.3247215413938
            },
            {
                "topic": "politics",
                "weighted_count": 445.3634261282277,
                "normalized_intensity": 55.67042826602846
            },
            {
                "topic": "community",
                "weighted_count": 204.43319278993977,
                "normalized_intensity": 25.55414909874247
            }
        ]
    }
}