{
    "2024-08": {
        "total_ads": 2,
        "topics": [
            {
                "topic": "social-enterprise",
                "weighted_count": 102.93299693752245,
                "normalized_intensity": 51.46649846876122
            }
        ]
    }
}