{
    "2024-07": {
        "total_ads": 5,
        "topics": [
            {
                "topic": "british columbia",
                "weighted_count": 127.03929862194539,
                "normalized_intensity": 25.407859724389077
            },
            {
                "topic": "community",
                "weighted_count": 102.83782274348069,
                "normalized_intensity": 20.567564548696136
            }
        ]
    },
    "2024-08": {
        "total_ads": 6,
        "topics": [
            {
                "topic": "community",
                "weighted_count": 258.2983816029311,
                "normalized_intensity": 43.049730267155184
            },
            {
                "topic": "social-media",
                "weighted_count": 52.806061606302414,
                "normalized_intensity": 8.80101026771707
            }
        ]
    }
}