{
    "2024-07": {
        "total_ads": 2,
        "topics": [
            {
                "topic": "film",
                "weighted_count": 138.82661451825874,
                "normalized_intensity": 69.41330725912937
            },
            {
                "topic": "entertainment",
                "weighted_count": 127.48611524176424,
                "normalized_intensity": 63.74305762088212
            },
            {
                "topic": "community",
                "weighted_count": 52.60132933183584,
                "normalized_intensity": 26.30066466591792
            }
        ]
    }
}