{
    "2024-08": {
        "total_ads": 1,
        "topics": [
            {
                "topic": "voting",
                "weighted_count": 76.61092939380012,
                "normalized_intensity": 76.61092939380012
            },
            {
                "topic": "nova scotia",
                "weighted_count": 63.11032556466615,
                "normalized_intensity": 63.11032556466615
            },
            {
                "topic": "politics",
                "weighted_count": 56.73254297450101,
                "normalized_intensity": 56.73254297450101
            }
        ]
    }
}