{
    "2024-07": {
        "total_ads": 1,
        "topics": [
            {
                "topic": "outrage",
                "weighted_count": 55.245093762365606,
                "normalized_intensity": 55.245093762365606
            },
            {
                "topic": "literature",
                "weighted_count": 49.727746798644915,
                "normalized_intensity": 49.727746798644915
            }
        ]
    }
}