{
    "2024-08": {
        "total_ads": 2,
        "topics": [
            {
                "topic": "infrastructure",
                "weighted_count": 165.57237689525465,
                "normalized_intensity": 82.78618844762732
            },
            {
                "topic": "transportation",
                "weighted_count": 151.7004394392116,
                "normalized_intensity": 75.8502197196058
            }
        ]
    }
}