{
    "2024-08": {
        "total_ads": 15,
        "topics": [
            {
                "topic": "public-health",
                "weighted_count": 908.0010642581522,
                "normalized_intensity": 60.53340428387681
            },
            {
                "topic": "health",
                "weighted_count": 342.517333476382,
                "normalized_intensity": 22.83448889842547
            }
        ]
    }
}