{
    "2024-08": {
        "total_ads": 3,
        "topics": [
            {
                "topic": "politics",
                "weighted_count": 197.5958649017486,
                "normalized_intensity": 65.86528830058286
            },
            {
                "topic": "voting",
                "weighted_count": 189.8258330772722,
                "normalized_intensity": 63.27527769242406
            },
            {
                "topic": "media",
                "weighted_count": 164.1775592861777,
                "normalized_intensity": 54.72585309539257
            }
        ]
    }
}