{
    "2024-08": {
        "total_ads": 1,
        "topics": [
            {
                "topic": "literature",
                "weighted_count": 67.43225256413284,
                "normalized_intensity": 67.43225256413284
            },
            {
                "topic": "lgbtq",
                "weighted_count": 57.87458093809493,
                "normalized_intensity": 57.87458093809493
            },
            {
                "topic": "immigration",
                "weighted_count": 49.8922008203376,
                "normalized_intensity": 49.8922008203376
            }
        ]
    }
}