{
    "2024-07": {
        "total_ads": 1,
        "topics": [
            {
                "topic": "youth",
                "weighted_count": 72.52597166796086,
                "normalized_intensity": 72.52597166796086
            },
            {
                "topic": "transportation",
                "weighted_count": 69.44022013752725,
                "normalized_intensity": 69.44022013752725
            },
            {
                "topic": "infrastructure",
                "weighted_count": 55.124821866515475,
                "normalized_intensity": 55.124821866515475
            },
            {
                "topic": "urban-planning",
                "weighted_count": 50.68792226624335,
                "normalized_intensity": 50.68792226624335
            }
        ]
    }
}