{
    "2024-07": {
        "total_ads": 1,
        "topics": [
            {
                "topic": "prince edward island",
                "weighted_count": 87.01886493422928,
                "normalized_intensity": 87.01886493422928
            },
            {
                "topic": "politics",
                "weighted_count": 54.1975852263178,
                "normalized_intensity": 54.1975852263178
            },
            {
                "topic": "voting",
                "weighted_count": 50.9658983765744,
                "normalized_intensity": 50.9658983765744
            }
        ]
    }
}