{
    "2024-07": {
        "total_ads": 2,
        "topics": [
            {
                "topic": "community",
                "weighted_count": 114.19571741572,
                "normalized_intensity": 57.09785870786
            }
        ]
    }
}