{
    "2024-07": {
        "total_ads": 1,
        "topics": [
            {
                "topic": "voting",
                "weighted_count": 62.778906022271656,
                "normalized_intensity": 62.778906022271656
            },
            {
                "topic": "youth",
                "weighted_count": 58.958317333629154,
                "normalized_intensity": 58.958317333629154
            }
        ]
    },
    "2024-08": {
        "total_ads": 1,
        "topics": [
            {
                "topic": "voting",
                "weighted_count": 56.23464705362372,
                "normalized_intensity": 56.23464705362372
            }
        ]
    }
}