{
    "2024-07": {
        "total_ads": 1,
        "topics": [
            {
                "topic": "northwest territories",
                "weighted_count": 60.19120951742251,
                "normalized_intensity": 60.19120951742251
            }
        ]
    }
}