{
    "2024-04": {
        "total_ads": 1,
        "topics": [
            {
                "topic": "weather",
                "weighted_count": 53.09693327295507,
                "normalized_intensity": 53.09693327295507
            }
        ]
    },
    "2024-05": {
        "total_ads": 1,
        "topics": [
            {
                "topic": "new brunswick",
                "weighted_count": 72.24685974202966,
                "normalized_intensity": 72.24685974202966
            }
        ]
    },
    "2024-07": {
        "total_ads": 1,
        "topics": [
            {
                "topic": "new brunswick",
                "weighted_count": 63.66836779492549,
                "normalized_intensity": 63.66836779492549
            },
            {
                "topic": "community",
                "weighted_count": 55.38563511498168,
                "normalized_intensity": 55.38563511498168
            }
        ]
    },
    "2024-08": {
        "total_ads": 1,
        "topics": [
            {
                "topic": "new brunswick",
                "weighted_count": 79.0068607606145,
                "normalized_intensity": 79.0068607606145
            },
            {
                "topic": "community",
                "weighted_count": 56.781642209661285,
                "normalized_intensity": 56.781642209661285
            }
        ]
    }
}