{
    "2024-06": {
        "total_ads": 1,
        "topics": [
            {
                "topic": "saskatchewan",
                "weighted_count": 68.81728684385826,
                "normalized_intensity": 68.81728684385826
            }
        ]
    },
    "2024-07": {
        "total_ads": 1,
        "topics": [
            {
                "topic": "saskatchewan",
                "weighted_count": 66.89748687096343,
                "normalized_intensity": 66.89748687096343
            },
            {
                "topic": "voting",
                "weighted_count": 49.93104932531945,
                "normalized_intensity": 49.93104932531945
            }
        ]
    }
}