{
    "2024-07": {
        "total_ads": 2,
        "topics": [
            {
                "topic": "saskatchewan",
                "weighted_count": 172.185730440417,
                "normalized_intensity": 86.0928652202085
            },
            {
                "topic": "politics",
                "weighted_count": 110.32574570927254,
                "normalized_intensity": 55.16287285463627
            }
        ]
    }
}