{
    "2023-09": {
        "total_ads": 6,
        "topics": [
            {
                "topic": "saskatchewan",
                "weighted_count": 428.1434726267262,
                "normalized_intensity": 71.3572454377877
            },
            {
                "topic": "agriculture",
                "weighted_count": 309.8300514274786,
                "normalized_intensity": 51.63834190457977
            },
            {
                "topic": "pork-industry",
                "weighted_count": 300.9910238291159,
                "normalized_intensity": 50.16517063818598
            },
            {
                "topic": "rural",
                "weighted_count": 298.4163159746877,
                "normalized_intensity": 49.736052662447946
            }
        ]
    },
    "2024-04": {
        "total_ads": 4,
        "topics": [
            {
                "topic": "film",
                "weighted_count": 224.69331040779016,
                "normalized_intensity": 56.17332760194754
            }
        ]
    },
    "2024-07": {
        "total_ads": 4,
        "topics": [
            {
                "topic": "film",
                "weighted_count": 220.19115766532977,
                "normalized_intensity": 55.04778941633244
            }
        ]
    }
}