{
    "2024-06": {
        "total_ads": 2,
        "topics": [
            {
                "topic": "politics",
                "weighted_count": 108.72326908726664,
                "normalized_intensity": 54.36163454363332
            },
            {
                "topic": "ontario",
                "weighted_count": 67.34937698593815,
                "normalized_intensity": 33.674688492969075
            },
            {
                "topic": "voting",
                "weighted_count": 59.54815609119946,
                "normalized_intensity": 29.77407804559973
            },
            {
                "topic": "outrage",
                "weighted_count": 49.54659501524569,
                "normalized_intensity": 24.773297507622846
            }
        ]
    }
}