{
    "2024-06": {
        "total_ads": 2,
        "topics": [
            {
                "topic": "politics",
                "weighted_count": 53.2364656372058,
                "normalized_intensity": 26.6182328186029
            }
        ]
    }
}