{
    "2024-06": {
        "total_ads": 1,
        "topics": [
            {
                "topic": "intellectual-property",
                "weighted_count": 54.624620068927484,
                "normalized_intensity": 54.624620068927484
            }
        ]
    }
}