{
    "2024-06": {
        "total_ads": 1,
        "topics": [
            {
                "topic": "travel",
                "weighted_count": 70.32594976795549,
                "normalized_intensity": 70.32594976795549
            }
        ]
    }
}