{
    "2024-06": {
        "total_ads": 1,
        "topics": [
            {
                "topic": "womens-rights",
                "weighted_count": 77.50307492628285,
                "normalized_intensity": 77.50307492628285
            },
            {
                "topic": "human-rights",
                "weighted_count": 51.69842487740532,
                "normalized_intensity": 51.69842487740532
            },
            {
                "topic": "social justice",
                "weighted_count": 51.48701562044948,
                "normalized_intensity": 51.48701562044948
            }
        ]
    }
}