{
    "2024-08": {
        "total_ads": 2,
        "topics": [
            {
                "topic": "travel",
                "weighted_count": 125.06588171280012,
                "normalized_intensity": 62.53294085640006
            },
            {
                "topic": "nonprofits",
                "weighted_count": 114.54090667301747,
                "normalized_intensity": 57.27045333650874
            }
        ]
    }
}