{
    "2024-05": {
        "total_ads": 1,
        "topics": [
            {
                "topic": "quebec",
                "weighted_count": 69.11351854430538,
                "normalized_intensity": 69.11351854430538
            },
            {
                "topic": "seafood-industry",
                "weighted_count": 52.59995507843445,
                "normalized_intensity": 52.59995507843445
            }
        ]
    },
    "2024-06": {
        "total_ads": 1,
        "topics": [
            {
                "topic": "seafood-industry",
                "weighted_count": 55.78954246539992,
                "normalized_intensity": 55.78954246539992
            }
        ]
    }
}