{
    "2024-06": {
        "total_ads": 2,
        "topics": [
            {
                "topic": "new brunswick",
                "weighted_count": 66.65094059019384,
                "normalized_intensity": 33.32547029509692
            }
        ]
    },
    "2024-07": {
        "total_ads": 4,
        "topics": [
            {
                "topic": "new brunswick",
                "weighted_count": 133.77346271614945,
                "normalized_intensity": 33.44336567903736
            },
            {
                "topic": "lifestyle",
                "weighted_count": 55.175041157912084,
                "normalized_intensity": 13.793760289478021
            },
            {
                "topic": "health",
                "weighted_count": 50.52631547921773,
                "normalized_intensity": 12.631578869804432
            },
            {
                "topic": "community",
                "weighted_count": 50.16120143121046,
                "normalized_intensity": 12.540300357802614
            }
        ]
    },
    "2024-08": {
        "total_ads": 4,
        "topics": [
            {
                "topic": "campaign-finance",
                "weighted_count": 51.62971163610571,
                "normalized_intensity": 12.907427909026428
            }
        ]
    }
}