{
    "2024-06": {
        "total_ads": 10,
        "topics": [
            {
                "topic": "quebec",
                "weighted_count": 795.2121934944078,
                "normalized_intensity": 79.52121934944077
            },
            {
                "topic": "politics",
                "weighted_count": 566.2531008194903,
                "normalized_intensity": 56.62531008194903
            }
        ]
    }
}