{
    "2024-04": {
        "total_ads": 1,
        "topics": [
            {
                "topic": "youth",
                "weighted_count": 62.50589026146598,
                "normalized_intensity": 62.50589026146598
            }
        ]
    },
    "2024-05": {
        "total_ads": 1,
        "topics": [
            {
                "topic": "urban-planning",
                "weighted_count": 50.783623584597734,
                "normalized_intensity": 50.783623584597734
            }
        ]
    }
}