{
    "2024-07": {
        "total_ads": 1,
        "topics": [
            {
                "topic": "saskatchewan",
                "weighted_count": 60.91129948946431,
                "normalized_intensity": 60.91129948946431
            }
        ]
    }
}