{
    "2024-07": {
        "total_ads": 1,
        "topics": [
            {
                "topic": "community",
                "weighted_count": 70.46828567746212,
                "normalized_intensity": 70.46828567746212
            },
            {
                "topic": "joy",
                "weighted_count": 55.545621456333436,
                "normalized_intensity": 55.545621456333436
            }
        ]
    }
}