{
    "2024-05": {
        "total_ads": 2,
        "topics": [
            {
                "topic": "transportation",
                "weighted_count": 163.6829723954255,
                "normalized_intensity": 81.84148619771275
            },
            {
                "topic": "infrastructure",
                "weighted_count": 153.4293906455424,
                "normalized_intensity": 76.7146953227712
            },
            {
                "topic": "quebec",
                "weighted_count": 63.410233509205405,
                "normalized_intensity": 31.705116754602702
            },
            {
                "topic": "public-safety",
                "weighted_count": 53.215365800107705,
                "normalized_intensity": 26.607682900053852
            }
        ]
    }
}