{
    "2024-05": {
        "total_ads": 1,
        "topics": [
            {
                "topic": "community",
                "weighted_count": 49.76691890830311,
                "normalized_intensity": 49.76691890830311
            }
        ]
    },
    "2024-07": {
        "total_ads": 1,
        "topics": [
            {
                "topic": "voting",
                "weighted_count": 62.58309502591125,
                "normalized_intensity": 62.58309502591125
            },
            {
                "topic": "politics",
                "weighted_count": 50.7898098164046,
                "normalized_intensity": 50.7898098164046
            }
        ]
    }
}