{
    "2024-06": {
        "total_ads": 2,
        "topics": [
            {
                "topic": "transportation",
                "weighted_count": 119.03008723505596,
                "normalized_intensity": 59.51504361752798
            },
            {
                "topic": "infrastructure",
                "weighted_count": 116.40941876637447,
                "normalized_intensity": 58.204709383187236
            },
            {
                "topic": "urban-planning",
                "weighted_count": 49.75588866684814,
                "normalized_intensity": 24.87794433342407
            }
        ]
    }
}