{
    "2024-06": {
        "total_ads": 2,
        "topics": [
            {
                "topic": "northwest territories",
                "weighted_count": 125.84545736224544,
                "normalized_intensity": 62.92272868112272
            },
            {
                "topic": "politics",
                "weighted_count": 108.86736895886415,
                "normalized_intensity": 54.433684479432074
            }
        ]
    }
}