{
    "2024-08": {
        "total_ads": 1,
        "topics": [
            {
                "topic": "community",
                "weighted_count": 67.66333413117792,
                "normalized_intensity": 67.66333413117792
            }
        ]
    }
}