{
    "2024-06": {
        "total_ads": 1,
        "topics": [
            {
                "topic": "theater",
                "weighted_count": 56.385414886805584,
                "normalized_intensity": 56.385414886805584
            },
            {
                "topic": "entertainment",
                "weighted_count": 54.67480184392356,
                "normalized_intensity": 54.67480184392356
            },
            {
                "topic": "music",
                "weighted_count": 49.227046979556725,
                "normalized_intensity": 49.227046979556725
            }
        ]
    },
    "2024-08": {
        "total_ads": 1,
        "topics": [
            {
                "topic": "travel",
                "weighted_count": 54.36957968059946,
                "normalized_intensity": 54.36957968059946
            }
        ]
    }
}