{
    "2024-05": {
        "total_ads": 1,
        "topics": [
            {
                "topic": "urban-planning",
                "weighted_count": 54.12530817292001,
                "normalized_intensity": 54.12530817292001
            }
        ]
    },
    "2024-06": {
        "total_ads": 3,
        "topics": [
            {
                "topic": "community",
                "weighted_count": 157.74011133000693,
                "normalized_intensity": 52.58003711000231
            }
        ]
    }
}