{
    "2024-06": {
        "total_ads": 1,
        "topics": [
            {
                "topic": "community",
                "weighted_count": 67.00961709596844,
                "normalized_intensity": 67.00961709596844
            },
            {
                "topic": "urban-planning",
                "weighted_count": 57.596664056361945,
                "normalized_intensity": 57.596664056361945
            }
        ]
    }
}