{
    "2024-06": {
        "total_ads": 1,
        "topics": [
            {
                "topic": "community",
                "weighted_count": 53.98206690847495,
                "normalized_intensity": 53.98206690847495
            },
            {
                "topic": "travel",
                "weighted_count": 53.182792839915,
                "normalized_intensity": 53.182792839915
            }
        ]
    },
    "2024-08": {
        "total_ads": 1,
        "topics": [
            {
                "topic": "history",
                "weighted_count": 58.41287934339241,
                "normalized_intensity": 58.41287934339241
            },
            {
                "topic": "joy",
                "weighted_count": 55.58912785763582,
                "normalized_intensity": 55.58912785763582
            },
            {
                "topic": "culture",
                "weighted_count": 49.79529955995618,
                "normalized_intensity": 49.79529955995618
            }
        ]
    }
}