{
    "2024-05": {
        "total_ads": 4,
        "topics": [
            {
                "topic": "northwest territories",
                "weighted_count": 291.2442370554397,
                "normalized_intensity": 72.81105926385993
            },
            {
                "topic": "voting",
                "weighted_count": 178.7655822292401,
                "normalized_intensity": 44.691395557310024
            },
            {
                "topic": "politics",
                "weighted_count": 114.00346888424279,
                "normalized_intensity": 28.500867221060698
            },
            {
                "topic": "community",
                "weighted_count": 49.34386488194969,
                "normalized_intensity": 12.335966220487423
            }
        ]
    }
}