{
    "2024-05": {
        "total_ads": 1,
        "topics": [
            {
                "topic": "urban-planning",
                "weighted_count": 56.48564504414081,
                "normalized_intensity": 56.48564504414081
            },
            {
                "topic": "transportation",
                "weighted_count": 54.95248993102915,
                "normalized_intensity": 54.95248993102915
            },
            {
                "topic": "sustainability",
                "weighted_count": 51.736353526468626,
                "normalized_intensity": 51.736353526468626
            }
        ]
    }
}