{
    "2024-05": {
        "total_ads": 2,
        "topics": [
            {
                "topic": "voting",
                "weighted_count": 116.1653338718717,
                "normalized_intensity": 58.08266693593585
            }
        ]
    }
}