{
    "2024-05": {
        "total_ads": 2,
        "topics": [
            {
                "topic": "film",
                "weighted_count": 116.47260472191074,
                "normalized_intensity": 58.23630236095537
            },
            {
                "topic": "crime",
                "weighted_count": 111.5467933392707,
                "normalized_intensity": 55.77339666963535
            },
            {
                "topic": "family",
                "weighted_count": 101.5015228820107,
                "normalized_intensity": 50.75076144100535
            }
        ]
    }
}