{
    "2024-05": {
        "total_ads": 1,
        "topics": [
            {
                "topic": "finance",
                "weighted_count": 49.863047451961386,
                "normalized_intensity": 49.863047451961386
            }
        ]
    }
}