{
    "2024-05": {
        "total_ads": 1,
        "topics": [
            {
                "topic": "quebec",
                "weighted_count": 66.6417275449637,
                "normalized_intensity": 66.6417275449637
            },
            {
                "topic": "community",
                "weighted_count": 57.553145655736195,
                "normalized_intensity": 57.553145655736195
            },
            {
                "topic": "social-enterprise",
                "weighted_count": 50.90145799179944,
                "normalized_intensity": 50.90145799179944
            }
        ]
    }
}