{
    "2024-05": {
        "total_ads": 2,
        "topics": [
            {
                "topic": "british columbia",
                "weighted_count": 124.85269003703654,
                "normalized_intensity": 62.42634501851827
            }
        ]
    }
}