{
    "2024-05": {
        "total_ads": 2,
        "topics": [
            {
                "topic": "politics",
                "weighted_count": 110.66722240522753,
                "normalized_intensity": 55.33361120261377
            },
            {
                "topic": "voting",
                "weighted_count": 101.51933918048472,
                "normalized_intensity": 50.75966959024236
            }
        ]
    }
}