{
    "2024-07": {
        "total_ads": 2,
        "topics": [
            {
                "topic": "northwest territories",
                "weighted_count": 138.9463448915961,
                "normalized_intensity": 69.47317244579806
            },
            {
                "topic": "politics",
                "weighted_count": 111.64049317315514,
                "normalized_intensity": 55.82024658657757
            }
        ]
    }
}