{
    "2024-05": {
        "total_ads": 2,
        "topics": [
            {
                "topic": "film",
                "weighted_count": 116.26275574186846,
                "normalized_intensity": 58.13137787093423
            },
            {
                "topic": "entertainment",
                "weighted_count": 99.81221858724746,
                "normalized_intensity": 49.90610929362373
            },
            {
                "topic": "voting",
                "weighted_count": 99.10954769295125,
                "normalized_intensity": 49.554773846475626
            }
        ]
    }
}