{
    "2023-09": {
        "total_ads": 1,
        "topics": [
            {
                "topic": "community",
                "weighted_count": 52.20370813617367,
                "normalized_intensity": 52.20370813617367
            }
        ]
    },
    "2024-05": {
        "total_ads": 1,
        "topics": [
            {
                "topic": "british columbia",
                "weighted_count": 66.71320116802121,
                "normalized_intensity": 66.71320116802121
            },
            {
                "topic": "community",
                "weighted_count": 49.98786048766716,
                "normalized_intensity": 49.98786048766716
            }
        ]
    },
    "2024-08": {
        "total_ads": 1,
        "topics": [
            {
                "topic": "community",
                "weighted_count": 49.57145925775904,
                "normalized_intensity": 49.57145925775904
            }
        ]
    }
}