{
    "2024-05": {
        "total_ads": 1,
        "topics": [
            {
                "topic": "urban-planning",
                "weighted_count": 85.26043272573868,
                "normalized_intensity": 85.26043272573868
            },
            {
                "topic": "housing",
                "weighted_count": 64.52862524628163,
                "normalized_intensity": 64.52862524628163
            },
            {
                "topic": "community",
                "weighted_count": 59.25785723491613,
                "normalized_intensity": 59.25785723491613
            }
        ]
    },
    "2024-08": {
        "total_ads": 1,
        "topics": [
            {
                "topic": "urban-planning",
                "weighted_count": 58.91492169730872,
                "normalized_intensity": 58.91492169730872
            },
            {
                "topic": "finance",
                "weighted_count": 53.59592309591754,
                "normalized_intensity": 53.59592309591754
            }
        ]
    }
}