{
    "2024-05": {
        "total_ads": 1,
        "topics": [
            {
                "topic": "quebec",
                "weighted_count": 67.90824958430075,
                "normalized_intensity": 67.90824958430075
            }
        ]
    }
}