{
    "2024-05": {
        "total_ads": 1,
        "topics": [
            {
                "topic": "entertainment",
                "weighted_count": 61.7281034077312,
                "normalized_intensity": 61.7281034077312
            },
            {
                "topic": "joy",
                "weighted_count": 49.2645189199185,
                "normalized_intensity": 49.2645189199185
            }
        ]
    }
}