{
    "2024-05": {
        "total_ads": 1,
        "topics": [
            {
                "topic": "music",
                "weighted_count": 57.43594027855685,
                "normalized_intensity": 57.43594027855685
            },
            {
                "topic": "entertainment",
                "weighted_count": 51.979658742729086,
                "normalized_intensity": 51.979658742729086
            }
        ]
    }
}