{
    "2024-04": {
        "total_ads": 1,
        "topics": [
            {
                "topic": "entertainment",
                "weighted_count": 54.46678983697946,
                "normalized_intensity": 54.46678983697946
            },
            {
                "topic": "community",
                "weighted_count": 52.160231743167685,
                "normalized_intensity": 52.160231743167685
            },
            {
                "topic": "joy",
                "weighted_count": 50.26102189684607,
                "normalized_intensity": 50.26102189684607
            }
        ]
    }
}