{
    "2024-04": {
        "total_ads": 1,
        "topics": [
            {
                "topic": "community",
                "weighted_count": 54.902755018749346,
                "normalized_intensity": 54.902755018749346
            }
        ]
    }
}