{
    "2024-04": {
        "total_ads": 1,
        "topics": [
            {
                "topic": "community",
                "weighted_count": 66.21238623042979,
                "normalized_intensity": 66.21238623042979
            },
            {
                "topic": "joy",
                "weighted_count": 49.649983984360816,
                "normalized_intensity": 49.649983984360816
            }
        ]
    }
}